,ARKK,ARKK,ARKK,ARKK,ARKK,BITO,BITO,BITO,BITO,BITO,JPST,JPST,JPST,JPST,JPST,QQQ,QQQ,QQQ,QQQ,QQQ,VTI,VTI,VTI,VTI,VTI
,open,high,low,close,volume,open,high,low,close,volume,open,high,low,close,volume,open,high,low,close,volume,open,high,low,close,volume
time,,,,,,,,,,,,,,,,,,,,,,,,,
2020-10-01 00:00:00-04:00,93.39,94.5,92.9201,94.5,2340706,,,,,,50.755,50.76,50.74,50.76,2667049,281.8,282.8794,279.84,282.26,44554843,171.72,172.25,170.61,171.73,2949234
2020-10-02 00:00:00-04:00,91.56,94.06,91.55,92.285,2526779,,,,,,50.75,50.76,50.74,50.75,2110774,276.01,282.2412,273.44,274.33,66448911,168.65,171.3073,168.23,170.34,2340896
2020-10-05 00:00:00-04:00,93.56,95.96,93.56,95.84,1745997,,,,,,50.76,50.76,50.75,50.755,2426589,276.34,280.49,276.23,280.32,24166799,171.61,173.53,171.33,173.46,2494106
2020-10-06 00:00:00-04:00,95.94,97.91,94.88,95.64,2516361,,,,,,50.76,50.77,50.74,50.75,4760784,279.29,281.19,274.25,275.15,43641201,173.73,174.98,171.01,171.31,2776243
2020-10-07 00:00:00-04:00,97.1,100.02,97.1,99.23,3121925,,,,,,50.75,50.77,50.75,50.77,2107722,277.83,280.74,277.28,280.11,24402450,172.99,174.729,172.94,174.31,1949237
2020-10-08 00:00:00-04:00,101.8599,101.8599,100.19,100.58,2507116,,,,,,50.76,50.78,50.76,50.775,2719870,282.32,282.47,280.31,281.47,22322405,175.53,175.89,174.88,175.89,2354772
2020-10-09 00:00:00-04:00,101.66,103.03,101.32,102.76,2694734,,,,,,50.77,50.78,50.77,50.775,2111153,283.09,285.79,282.71,285.72,26246569,176.9,177.6344,176.44,177.296,2465477
2020-10-12 00:00:00-04:00,104.77,105.0,102.26,102.3,3137927,,,,,,50.78,50.78,50.77,50.7799,1695904,290.6,297.46,289.47,294.52,74262342,178.65,180.64,178.4125,179.93,2946479
2020-10-13 00:00:00-04:00,102.62,105.2,102.16,104.81,3200358,,,,,,50.78,50.79,50.76,50.79,3085704,295.91,297.0496,293.11,294.43,50242339,179.66,179.82,178.4344,179.0,2322941
2020-10-14 00:00:00-04:00,105.65,106.15,103.5,103.78,3235176,,,,,,50.78,50.79,50.78,50.79,2071381,295.36,296.35,290.26,292.14,33088688,179.2,179.9226,177.49,177.88,2083353
2020-10-15 00:00:00-04:00,101.4,103.0767,101.12,102.8,2382438,,,,,,50.79,50.79,50.78,50.787,1800690,287.25,290.71,286.54,290.01,37964480,175.61,178.07,175.1601,177.8,2856026
2020-10-16 00:00:00-04:00,104.08,104.5,102.7001,102.76,2098911,,,,,,50.79,50.8,50.77,50.77,2393347,291.8,293.269,288.15,288.45,34740100,178.48,179.31,177.56,177.59,1882454
2020-10-19 00:00:00-04:00,104.11,104.55,101.86,102.235,2360052,,,,,,50.79,50.79,50.78,50.79,2498879,290.49,291.48,282.79,283.67,31879414,178.31,179.25,174.62,175.01,2639598
2020-10-20 00:00:00-04:00,102.84,103.28,100.75,100.8124,2195763,,,,,,50.8,50.8,50.7821,50.79,2115945,284.56,287.62,282.95,284.47,27676730,175.9,177.36,175.2401,175.59,2555923
2020-10-21 00:00:00-04:00,100.15,100.77,97.7,97.91,1954603,,,,,,50.8,50.8,50.79,50.8,1957933,284.67,287.32,283.76,284.19,21112342,175.66,176.715,175.02,175.06,2474977
2020-10-22 00:00:00-04:00,99.16,99.84,96.855,98.61,2333256,,,,,,50.8,50.8,50.79,50.795,1976564,285.05,285.98,280.82,284.26,28038079,175.33,176.56,174.12,176.26,3447629
2020-10-23 00:00:00-04:00,99.12,99.15,97.41,99.15,1827184,,,,,,50.8,50.8,50.79,50.795,1571012,284.79,284.91,281.7818,284.89,21485204,176.81,176.95,175.46,176.87,2420280
2020-10-26 00:00:00-04:00,98.16,99.84,95.8601,97.2228,2376898,,,,,,50.8,50.81,50.8,50.81,1951643,282.35,285.3,276.76,280.4,35865393,175.04,175.49,171.6,173.63,3909970
2020-10-27 00:00:00-04:00,98.0,98.9946,97.635,98.5828,1316201,,,,,,50.81,50.81,50.8,50.81,3032139,281.43,283.505,280.2,282.6,26687740,173.83,174.02,172.82,172.91,2536027
2020-10-28 00:00:00-04:00,96.31,96.37,94.35,94.75,2476728,,,,,,50.8,50.81,50.79,50.81,2714700,278.13,278.6401,271.38,271.71,45549847,169.9,170.23,167.01,167.19,4588587
2020-10-29 00:00:00-04:00,95.6,96.46,94.93,96.0,2107971,,,,,,50.795,50.8,50.79,50.795,2477014,273.04,279.49,272.52,276.23,33630081,167.5,170.47,166.5,168.84,3003325
2020-10-30 00:00:00-04:00,95.0,95.15,89.95,90.82,4206437,,,,,,50.79,50.8,50.78,50.78,1935263,274.375,275.24,267.07,269.71,57509840,167.89,168.75,165.02,166.82,3954074
2020-11-02 00:00:00-05:00,91.97,92.5198,89.39,90.89,3773834,,,,,,50.74,50.75,50.74,50.75,2140504,271.73,273.52,266.97,270.05,34768771,168.79,169.805,167.16,168.79,3724496
2020-11-03 00:00:00-05:00,92.22,93.78,90.95,93.14,2487442,,,,,,50.75,50.75,50.74,50.74,1821448,271.86,276.82,270.84,274.63,37296060,170.7,172.96,170.34,171.99,3945884
2020-11-04 00:00:00-05:00,95.93,98.32,95.22,97.52,4362795,,,,,,50.75,50.75,50.74,50.75,2351736,283.56,288.77,281.87,286.85,62388325,174.16,177.85,173.69,175.66,3553996
2020-11-05 00:00:00-05:00,100.73,100.98,99.21,100.82,4328945,,,,,,50.74,50.7566,50.74,50.745,2200363,293.41,295.39,292.0,294.31,43540539,178.67,180.0804,178.41,179.32,3505886
2020-11-06 00:00:00-05:00,101.15,102.63,99.61,102.01,3210838,,,,,,50.74,50.76,50.74,50.755,2087423,293.58,295.36,289.83,294.65,34001999,179.18,179.8,178.08,179.26,3250784
2020-11-09 00:00:00-05:00,105.0,105.5,97.38,97.42,4607322,,,,,,50.76,50.77,50.74,50.74,2145725,297.31,299.14,288.12,288.44,67963279,187.52,187.52,181.12,181.25,5820237
2020-11-10 00:00:00-05:00,97.26,97.6199,91.8,94.78,4386393,,,,,,50.75,50.77,50.75,50.76,2429952,285.255,286.6599,280.62,283.46,60839019,181.01,181.69,179.09,181.18,5593497
2020-11-11 00:00:00-05:00,96.79,98.78,96.01,98.78,4059112,,,,,,50.77,50.77,50.75,50.76,2146752,285.92,290.25,283.38,289.84,30335468,182.43,182.8966,181.59,182.56,2872690
2020-11-12 00:00:00-05:00,99.6,100.4,98.32,98.89,2501334,,,,,,50.77,50.77,50.76,50.77,4093625,290.75,292.074,287.25,288.42,30254335,181.95,182.4044,179.7,180.705,3341629
2020-11-13 00:00:00-05:00,99.95,100.68,98.7,99.35,1521087,,,,,,50.77,50.78,50.77,50.78,2114607,290.01,291.545,287.8701,291.48,19690736,181.88,183.1,181.58,182.9158,4314477
2020-11-16 00:00:00-05:00,99.65,99.99,98.202,99.47,1975200,,,,,,50.77,50.78,50.77,50.77,1294991,290.68,293.51,289.99,293.05,25630402,185.61,185.61,184.0901,184.31,3155956
2020-11-17 00:00:00-05:00,100.65,101.25,99.64,101.17,2342975,,,,,,50.79,50.79,50.77,50.78,4018972,293.4,293.74,291.61,292.12,20101039,184.76,185.69,183.61,185.11,5698595
2020-11-18 00:00:00-05:00,101.5,102.42,100.5633,100.95,2473154,,,,,,50.79,50.8,50.78,50.785,2493734,291.7,293.37,290.02,290.07,25287004,185.45,185.75,183.17,183.18,3220813
2020-11-19 00:00:00-05:00,101.38,103.8739,101.24,103.18,2131750,,,,,,50.7801,50.79,50.78,50.78,2632660,289.48,292.7,288.85,292.24,19911538,183.0,184.35,182.21,184.22,3012473
2020-11-20 00:00:00-05:00,103.79,105.5,103.1735,104.91,2058754,,,,,,50.78,50.79,50.77,50.77,2416445,292.3,293.065,290.29,290.36,22413617,184.17,184.17,183.17,183.21,2768289
2020-11-23 00:00:00-05:00,106.27,108.28,105.6,107.39,3732843,,,,,,50.795,50.8,50.78,50.79,2285772,291.41,292.75,288.07,290.37,24038915,184.29,185.2,183.365,184.72,3869887
2020-11-24 00:00:00-05:00,109.08,109.39,105.91,106.15,3131900,,,,,,50.785,50.81,50.78,50.805,3736560,291.49,294.98,289.63,294.52,22383366,186.29,187.82,185.6,187.58,5314113
2020-11-25 00:00:00-05:00,106.46,108.54,105.92,108.54,2005483,,,,,,50.81,50.81,50.79,50.7999,2966236,295.44,296.94,294.59,296.42,20749155,187.49,187.68,186.57,187.47,3060373
2020-11-27 00:00:00-05:00,109.85,111.8259,109.094,111.745,3950978,,,,,,50.81,50.81,50.8,50.805,2015286,298.29,300.17,297.9,299.02,13820906,188.13,188.37,187.68,188.1696,3527350
2020-11-30 00:00:00-05:00,113.66,113.76,108.8,112.33,3271133,,,,,,50.81,50.82,50.79,50.79,2736274,299.3,299.97,294.78,299.36,24562862,188.06,188.13,185.54,187.16,3714180
2020-12-01 00:00:00-05:00,114.0,114.2,112.1379,112.71,3110656,,,,,,50.78,50.79,50.76,50.76,2648033,301.87,305.14,300.83,303.66,25914544,189.17,189.8,188.65,189.01,3881355
2020-12-02 00:00:00-05:00,111.46,112.47,109.6,112.32,2563993,,,,,,50.775,50.79,50.77,50.785,2046112,302.22,304.195,300.35,303.85,22215318,188.44,189.29,187.8,189.2,3801155
2020-12-03 00:00:00-05:00,113.52,115.55,112.9501,114.28,2982036,,,,,,50.78,50.79,50.78,50.78,2655163,304.07,305.88,303.531,304.19,21223833,189.32,190.3,189.02,189.54,4432434
2020-12-04 00:00:00-05:00,115.84,117.3596,114.7601,117.11,3372596,,,,,,50.785,50.795,50.78,50.79,1935357,304.33,305.67,303.63,305.6,17654732,190.0,191.49,189.99,191.47,3588311
2020-12-07 00:00:00-05:00,119.01,122.02,118.28,120.68,4481644,,,,,,50.79,50.7959,50.78,50.78,2140602,305.71,307.63,305.52,307.26,15282364,191.3,191.5,190.62,191.3,4429573
2020-12-08 00:00:00-05:00,121.27,122.91,120.15,122.21,4396625,,,,,,50.79,50.8,50.78,50.79,3070901,306.76,308.6,304.95,308.21,16917114,190.64,192.39,190.6,192.08,3507881
2020-12-09 00:00:00-05:00,123.88,125.53,118.76,119.95,7962366,,,,,,50.79,50.79,50.78,50.79,1918676,308.07,308.36,300.21,301.4,44174270,192.54,192.64,189.51,190.19,4517157
2020-12-10 00:00:00-05:00,117.75,125.32,117.72,125.2,5046035,,,,,,50.78,50.79,50.76,50.77,3436813,299.21,303.68,298.09,302.43,25320018,189.33,190.91,188.71,190.59,3252833
2020-12-11 00:00:00-05:00,124.94,125.84,121.6801,123.9,5317354,,,,,,50.78,50.8,50.78,50.79,2003665,300.81,301.98,298.47,301.93,24924962,189.56,190.37,188.6,190.18,3489258
2020-12-14 00:00:00-05:00,126.09,127.65,124.2001,124.21,4700033,,,,,,50.8,50.8,50.78,50.79,2580172,303.08,306.05,303.01,303.83,26073045,191.69,192.19,189.58,189.65,3589462
2020-12-15 00:00:00-05:00,126.45,126.45,123.24,124.3,4203002,,,,,,50.79,50.8,50.79,50.79,1924072,306.37,307.28,304.11,307.25,23278327,191.19,192.27,190.375,192.24,3225333
2020-12-16 00:00:00-05:00,124.7,125.13,122.5223,123.94,3247309,,,,,,50.79,50.8,50.78,50.7962,3915864,307.7,309.785,306.621,309.01,22862986,192.47,192.99,191.89,192.51,2840202
2020-12-17 00:00:00-05:00,125.34,126.54,124.79,126.1,3703185,,,,,,50.79,50.8,50.78,50.7801,5275173,310.63,311.24,309.39,311.0,20571758,193.42,194.01,193.21,194.0,3956678
2020-12-18 00:00:00-05:00,127.57,128.199,125.94,127.225,3873927,,,,,,50.79,50.8,50.78,50.8,2801803,311.66,311.98,307.61,309.85,36594005,194.38,194.47,192.21,193.36,4632285
2020-12-21 00:00:00-05:00,126.97,133.01,126.25,131.3,6873528,,,,,,50.79,50.81,50.78,50.81,3226123,306.46,309.47,303.6,309.01,32751810,191.6,193.35,189.82,192.94,4838246
2020-12-22 00:00:00-05:00,134.4,135.729,132.67,134.9401,7420030,,,,,,50.81,50.82,50.8,50.805,2732490,309.85,310.7105,306.845,309.75,24566404,193.31,193.4798,192.21,192.94,4403938
2020-12-23 00:00:00-05:00,137.0181,137.08,132.81,134.9,6948229,,,,,,50.8,50.81,50.8,50.81,1896090,309.81,310.18,308.035,308.16,19199574,193.65,194.215,193.16,193.23,3373447
2020-12-24 00:00:00-05:00,135.64,136.08,132.42,132.95,4011825,,,,,,50.81,50.82,50.81,50.81,1612143,308.47,310.02,308.39,309.53,11948701,192.88,193.0,192.24,192.99,1598790
2020-12-28 00:00:00-05:00,135.55,135.85,129.72,129.85,9156138,,,,,,50.82,50.82,50.8,50.815,3073940,312.25,313.17,310.36,312.65,20808980,194.59,194.6,193.8,193.96,3760511
2020-12-29 00:00:00-05:00,128.53,128.69,120.81,124.41,10868534,,,,,,50.82,50.83,50.81,50.825,2528840,314.05,314.685,312.03,312.92,24422490,194.86,194.95,192.82,193.23,4660663
2020-12-30 00:00:00-05:00,125.7821,127.55,125.56,127.02,5088315,,,,,,50.8,50.8,50.78,50.79,2285526,314.16,314.49,312.33,312.9,16908699,193.9,194.3755,193.605,193.7623,4380117
2020-12-31 00:00:00-05:00,127.72,127.74,123.965,124.51,5470785,,,,,,50.79,50.795,50.78,50.79,2505796,312.87,314.24,311.76,313.59,19620829,193.75,194.87,193.25,194.58,3734158
2021-01-04 00:00:00-05:00,126.22,127.19,122.44,124.72,8289474,,,,,,50.78,50.79,50.78,50.78,2829908,315.11,315.29,305.18,309.24,41977829,195.39,195.43,189.76,191.84,8874577
2021-01-05 00:00:00-05:00,124.38,127.84,124.08,127.76,5356482,,,,,,50.78,50.79,50.78,50.78,2401286,308.29,312.14,308.29,311.77,25546720,191.49,193.95,191.42,193.42,3892403
2021-01-06 00:00:00-05:00,126.69,131.15,125.85,128.2594,6793696,,,,,,50.8,50.8,50.78,50.78,2948794,307.0,311.88,305.98,307.57,48967926,192.5,196.89,192.46,195.11,5632761
2021-01-07 00:00:00-05:00,131.16,138.62,131.13,138.3042,8106473,,,,,,50.78,50.8,50.78,50.79,4640815,310.28,315.84,310.25,315.03,27824934,196.42,198.62,196.4,198.22,4766570
2021-01-08 00:00:00-05:00,142.03,145.64,139.29,142.58,12786355,,,,,,50.795,50.8,50.78,50.78,4060328,317.34,319.39,315.0814,319.09,31120326,199.14,199.46,196.98,199.21,7614206
2021-01-11 00:00:00-05:00,140.25,140.63,136.8,138.174,8232868,,,,,,50.79,50.79,50.78,50.78,2436255,315.98,317.19,313.75,314.31,30427360,197.42,199.06,197.22,198.06,3934414
2021-01-12 00:00:00-05:00,140.18,141.66,139.04,140.99,6009681,,,,,,50.78,50.8,50.77,50.8,2988987,314.46,315.58,311.2,313.98,27010140,198.37,198.99,197.34,198.7,3840055
2021-01-13 00:00:00-05:00,141.93,143.5,140.5,141.705,5182711,,,,,,50.795,50.8,50.78,50.79,4773751,314.19,316.86,313.57,316.0,19895283,198.73,199.5789,198.05,198.92,3477834
2021-01-14 00:00:00-05:00,143.3621,147.45,142.78,145.3052,7557027,,,,,,50.8,50.8,50.79,50.8,3611690,316.5,317.53,313.8616,314.25,21959596,199.55,200.03,198.515,198.74,4318502
2021-01-15 00:00:00-05:00,146.87,148.01,141.68,141.93,9431112,,,,,,50.8,50.81,50.79,50.805,2915558,314.13,315.12,310.58,311.9,31873279,197.96,198.25,195.975,197.08,3407933
2021-01-19 00:00:00-05:00,145.36,146.22,144.11,146.125,7234929,,,,,,50.81,50.81,50.79,50.7923,4157475,314.25,316.93,313.12,316.43,21607968,198.66,199.04,197.83,198.81,4077546
2021-01-20 00:00:00-05:00,148.9525,149.8,146.71,147.1,7949541,,,,,,50.795,50.81,50.79,50.81,3520201,320.14,324.74,316.509,323.73,28426682,200.08,201.76,199.97,201.37,5154379
2021-01-21 00:00:00-05:00,148.42,148.42,144.54,144.85,7269974,,,,,,50.8,50.81,50.79,50.81,4612241,325.15,327.13,323.73,326.5,23217865,201.85,202.0,200.7761,201.22,2999809
2021-01-22 00:00:00-05:00,144.1001,146.17,143.89,146.08,5672836,,,,,,50.81,50.81,50.8,50.81,3078640,325.29,326.46,324.71,325.46,18932771,200.255,201.31,199.955,200.87,3017236
2021-01-25 00:00:00-05:00,148.5621,149.85,142.93,146.62,8633748,,,,,,50.8,50.81,50.8,50.8,3431456,328.91,330.32,321.41,328.35,35699157,201.27,201.949,198.35,201.46,5403814
2021-01-26 00:00:00-05:00,147.25,147.34,141.72,141.97,8018623,,,,,,50.8,50.82,50.8,50.81,3100805,328.85,329.76,327.22,328.6,22125934,201.89,202.34,200.68,200.78,3970710
2021-01-27 00:00:00-05:00,139.0639,142.5,135.17,138.26,9796599,,,,,,50.81,50.82,50.8,50.81,3662946,326.26,326.27,317.36,319.75,46559126,199.05,199.08,194.65,195.81,6779728
2021-01-28 00:00:00-05:00,138.57,141.84,138.14,140.33,5591474,,,,,,50.81,50.82,50.81,50.82,2862292,320.67,326.42,320.03,321.37,38740834,196.84,199.68,196.74,197.49,4929057
2021-01-29 00:00:00-05:00,139.86,141.18,136.06,137.36,4383769,,,,,,50.81,50.82,50.8,50.81,3039128,319.58,320.7193,312.76,314.69,49686766,196.74,197.2515,192.82,193.86,8309584
2021-02-01 00:00:00-05:00,139.98,142.8,138.41,142.69,7760541,,,,,,50.77,50.79,50.77,50.785,2440514,318.11,323.54,316.02,322.47,32562297,195.88,197.7295,194.53,197.25,3763804
2021-02-02 00:00:00-05:00,145.3,147.95,144.9301,146.86,7871048,,,,,,50.79,50.79,50.78,50.79,3037681,325.48,328.87,325.31,327.74,30176787,199.2,200.955,199.05,200.13,3281093
2021-02-03 00:00:00-05:00,148.63,148.7,145.42,146.14,6430067,,,,,,50.79,50.8,50.78,50.783,2569038,329.82,330.195,326.32,326.33,22579040,200.82,201.26,199.59,200.46,2955790
2021-02-04 00:00:00-05:00,147.93,148.5,146.9156,148.35,5210558,,,,,,50.78,50.8,50.78,50.79,2619049,327.82,330.33,326.46,330.3,20129661,201.16,202.935,201.03,202.88,2746253
2021-02-05 00:00:00-05:00,148.8,149.75,147.42,149.42,5447077,,,,,,50.785,50.8,50.78,50.8,2353295,331.22,332.4025,329.53,331.4,20441051,204.12,204.29,203.16,204.05,3142421
2021-02-08 00:00:00-05:00,152.05,153.89,151.45,153.31,8507851,,,,,,50.81,50.81,50.79,50.8,2661090,333.1,333.74,331.41,333.59,18223516,205.19,205.98,204.78,205.97,3745388
2021-02-09 00:00:00-05:00,153.91,156.65,152.83,154.92,8064555,,,,,,50.79,50.81,50.79,50.79,2789425,332.62,334.81,332.61,333.48,16549516,205.6,206.45,205.25,206.01,3404804
2021-02-10 00:00:00-05:00,157.2,157.91,150.46,153.1,14278226,,,,,,50.81,50.81,50.79,50.8,2766995,334.99,335.46,329.5,332.73,25980842,207.07,207.22,204.45,205.91,3445910
2021-02-11 00:00:00-05:00,155.0,156.38,152.38,154.5,8817256,,,,,,50.8,50.81,50.79,50.8,4169800,334.33,335.0,332.12,334.56,20709524,206.7,206.94,204.82,206.42,2676370
2021-02-12 00:00:00-05:00,153.88,156.6,152.01,156.6,6466803,,,,,,50.8,50.81,50.8,50.81,2137374,333.71,336.62,332.63,336.455,18450250,205.89,207.51,205.8015,207.42,2420350
2021-02-16 00:00:00-05:00,159.05,159.7,154.73,155.145,11185654,,,,,,50.8,50.81,50.79,50.805,2927868,337.27,338.19,334.34,335.51,24387052,208.31,208.39,206.52,207.07,5096042
2021-02-17 00:00:00-05:00,153.49,153.51,147.46,152.05,13316646,,,,,,50.795,50.8,50.79,50.795,2248042,332.47,335.657,330.17,333.94,28492624,206.02,206.9,205.04,206.74,4010533
2021-02-18 00:00:00-05:00,149.0487,150.22,146.09,149.15,10568885,,,,,,50.795,50.8,50.79,50.795,4589644,330.23,333.8661,328.36,332.44,28750896,205.23,206.09,204.01,205.56,3544360
2021-02-19 00:00:00-05:00,151.5,154.0,151.0,152.55,7766394,,,,,,50.79,50.81,50.79,50.8035,2756589,333.86,333.99,329.97,331.04,36007888,206.43,207.03,205.65,205.94,4043014
2021-02-22 00:00:00-05:00,149.72,150.93,143.25,143.78,15976076,,,,,,50.8,50.81,50.79,50.8026,3212977,326.5,327.8,322.23,322.44,41216685,204.72,205.53,203.91,203.97,4530921
2021-02-23 00:00:00-05:00,136.18,139.99,126.815,139.03,36260052,,,,,,50.8,50.81,50.7941,50.81,2312594,317.0,323.2,311.0,321.53,94223595,202.55,204.68,199.36,203.92,5733606
2021-02-24 00:00:00-05:00,138.44,140.22,134.5,138.4,15253960,,,,,,50.8,50.81,50.8,50.8,3422687,318.74,324.45,315.96,324.11,52993691,203.6,206.48,202.775,206.28,3745228
2021-02-25 00:00:00-05:00,136.18,138.69,128.4108,129.59,16069719,,,,,,50.8,50.81,50.79,50.795,2835822,321.39,324.03,311.24,312.71,103269434,205.74,206.378,200.0,200.82,7592417
2021-02-26 00:00:00-05:00,130.7,132.97,126.07,130.44,15919134,,,,,,50.78,50.79,50.775,50.79,2616969,315.85,319.11,310.88,314.36,96071565,201.99,202.69,198.55,200.08,6182488
2021-03-01 00:00:00-05:00,134.54,137.0,133.51,136.63,11450334,,,,,,50.775,50.78,50.77,50.78,2226548,319.27,323.94,317.935,323.6,44846025,203.15,205.845,203.065,205.18,4758654
2021-03-02 00:00:00-05:00,138.25,138.37,133.16,133.32,8803408,,,,,,50.78,50.78,50.76,50.77,3793873,324.25,324.33,318.14,318.3727,46047983,205.5,205.55,203.17,203.24,4879037
2021-03-03 00:00:00-05:00,132.91,133.44,124.44,125.12,15739256,,,,,,50.76,50.77,50.76,50.7623,4681111,317.27,318.24,309.1,309.1701,82706965,203.22,203.54,200.18,200.23,4381047
2021-03-04 00:00:00-05:00,124.2,125.9299,114.63,118.26,26900237,,,,,,50.755,50.77,50.75,50.755,2485319,308.78,312.04,300.11,304.09,136462133,200.04,201.2412,194.52,197.13,7207015
2021-03-05 00:00:00-05:00,119.22,119.44,106.25,117.02,37813364,,,,,,50.76,50.76,50.74,50.76,3373388,306.795,309.609,297.45,308.73,113871160,199.37,201.21,194.11,200.68,6681891
2021-03-08 00:00:00-05:00,117.0,118.88,109.24,110.23,22645855,,,,,,50.75,50.76,50.72,50.7301,2591625,308.12,310.06,299.51,299.92,82079978,201.44,202.89,199.57,199.69,4351162
2021-03-09 00:00:00-05:00,117.0,122.86,116.3,121.72,24780568,,,,,,50.73,50.74,50.72,50.725,2634293,307.47,313.73,306.92,311.79,74745008,202.23,204.345,201.71,202.81,4152753
2021-03-10 00:00:00-05:00,126.17,126.75,120.5,121.13,19035176,,,,,,50.73,50.73,50.72,50.73,1983103,316.16,316.47,310.17,310.92,72295219,204.55,205.27,203.61,204.28,4164545
2021-03-11 00:00:00-05:00,125.96,129.12,124.52,128.63,18299228,,,,,,50.72,50.73,50.72,50.72,2580083,315.77,319.86,314.85,318.13,50694589,206.08,207.828,205.705,206.95,4194415
2021-03-12 00:00:00-05:00,125.0,126.69,122.57,126.61,14671291,,,,,,50.725,50.73,50.72,50.73,1645799,313.86,318.2302,311.391,315.48,62539173,206.16,207.46,205.55,207.38,4096641
2021-03-15 00:00:00-04:00,127.05,128.91,125.52,128.86,9877594,,,,,,50.72,50.73,50.72,50.72,2204679,315.79,319.0,314.095,318.88,40433374,207.73,208.9,206.39,208.78,3512634
2021-03-16 00:00:00-04:00,130.51,130.8,123.98,126.12,13793592,,,,,,50.72,50.73,50.72,50.72,3166860,321.09,324.2,319.1,320.62,53173579,209.14,209.3,207.36,208.01,4330971
2021-03-17 00:00:00-04:00,122.75,129.0,120.94,127.5,13676767,,,,,,50.72,50.73,50.72,50.72,1966004,317.45,323.85,315.68,321.95,58197228,207.31,209.29,206.36,208.79,3116095
2021-03-18 00:00:00-04:00,124.36,125.15,119.51,120.0,14293237,,,,,,50.725,50.73,50.72,50.72,1919370,316.87,317.8801,311.57,312.01,74074304,207.45,208.44,204.77,205.08,3546925
2021-03-19 00:00:00-04:00,119.99,122.68,118.2,122.2115,12211560,,,,,,50.725,50.75,50.72,50.75,2593050,311.87,314.73,309.6601,313.42,74632725,205.14,206.15,203.5703,205.15,3903493
2021-03-22 00:00:00-04:00,124.0,126.38,122.53,124.72,8666244,,,,,,50.73,50.75,50.73,50.75,1902484,315.21,320.74,315.21,318.65,51236077,205.88,207.26,205.38,206.38,3588899
2021-03-23 00:00:00-04:00,124.7905,124.7905,121.15,121.71,7158959,,,,,,50.745,50.76,50.74,50.75,3434691,319.73,321.09,316.375,317.02,49691580,206.19,206.44,203.64,204.15,4490124
2021-03-24 00:00:00-04:00,122.5,122.68,114.55,114.7801,17977388,,,,,,50.75,50.76,50.74,50.745,2515315,318.63,318.67,311.72,311.77,61248001,205.17,205.85,202.37,202.4543,3826596
2021-03-25 00:00:00-04:00,111.36,114.88,110.39,114.27,19941347,,,,,,50.74,50.76,50.74,50.74,3097269,309.968,312.885,307.3899,311.33,72156151,200.92,203.66,199.5,203.18,4508489
2021-03-26 00:00:00-04:00,114.43,115.94,109.55,113.91,15198903,,,,,,50.74,50.75,50.74,50.745,2284019,311.11,316.33,309.67,316.01,53650961,204.11,206.64,203.24,206.49,3218969
2021-03-29 00:00:00-04:00,113.6,113.65,109.73,111.21,13674561,,,,,,50.74,50.76,50.74,50.7428,3623184,315.45,316.99,312.47,315.83,49885433,205.59,206.36,204.24,205.49,4358853
2021-03-30 00:00:00-04:00,110.0,114.8,108.81,114.38,13735258,,,,,,50.76,50.76,50.75,50.75,2709423,313.87,314.91,311.54,314.41,40699124,205.17,205.89,204.29,205.52,3853396
2021-03-31 00:00:00-04:00,115.94,120.51,115.86,119.81,16900127,,,,,,50.75,50.76,50.75,50.75,6210408,316.16,320.74,315.81,318.96,49496469,206.05,207.615,206.0,206.65,5247073
2021-04-01 00:00:00-04:00,122.96,124.625,120.57,120.84,12194404,,,,,,50.71,50.73,50.69,50.73,7934686,323.07,324.71,322.81,324.56,50654833,207.99,209.3,207.56,209.18,3923548
2021-04-05 00:00:00-04:00,124.36,124.36,120.67,121.98,8959328,,,,,,50.71,50.73,50.71,50.73,2468790,327.13,331.84,324.6375,331.1,37927884,210.85,211.96,210.56,211.71,5528875
2021-04-06 00:00:00-04:00,121.67,125.025,121.48,123.77,8574302,,,,,,50.72,50.73,50.72,50.73,1834389,330.73,332.83,330.02,330.75,31480091,211.69,212.485,211.41,211.81,3878116
2021-04-07 00:00:00-04:00,123.31,123.85,120.61,121.08,5913994,,,,,,50.72,50.73,50.71,50.725,2571829,330.33,332.48,329.37,331.62,29870211,211.79,212.12,211.09,211.64,3192227
2021-04-08 00:00:00-04:00,122.8,124.41,122.63,124.0799,6314437,,,,,,50.725,50.73,50.72,50.73,1890931,334.56,335.27,333.7399,335.14,27114245,212.54,212.84,211.77,212.84,3425890
2021-04-09 00:00:00-04:00,123.01,123.42,121.9401,123.14,5360768,,,,,,50.72,50.73,50.71,50.72,2771514,333.68,337.32,332.92,337.12,31427244,212.85,214.25,212.62,214.14,3288505
2021-04-12 00:00:00-04:00,122.69,122.9,120.23,122.43,4850996,,,,,,50.71,50.73,50.71,50.72,1848968,336.04,337.1,334.73,336.67,23936748,214.06,214.365,213.3306,214.18,3771887
2021-04-13 00:00:00-04:00,123.28,127.71,123.28,127.57,11754498,,,,,,50.715,50.72,50.71,50.72,1965268,338.24,341.08,338.02,340.645,27700859,214.36,215.28,214.0,214.84,3579197
2021-04-14 00:00:00-04:00,128.35,130.28,124.51,124.87,9607723,,,,,,50.72,50.72,50.71,50.72,2432929,340.85,340.98,335.67,336.47,39319313,215.06,215.87,214.035,214.35,3562435
2021-04-15 00:00:00-04:00,126.84,127.42,125.32,126.6,7746764,,,,,,50.72,50.73,50.71,50.73,2522763,339.47,342.01,336.2153,341.62,33315155,215.73,216.67,215.46,216.57,4958420
2021-04-16 00:00:00-04:00,126.51,126.62,123.405,124.52,6772447,,,,,,50.71,50.73,50.71,50.725,2431572,342.15,342.23,340.08,341.99,36424689,217.46,217.473,216.32,217.13,3516497
2021-04-19 00:00:00-04:00,122.57,123.7,118.94,120.42,11065267,,,,,,50.73,50.74,50.72,50.725,2720886,340.4,341.58,336.9016,338.89,32468319,216.73,216.91,215.0,215.77,3731104
2021-04-20 00:00:00-04:00,120.13,121.885,117.23,118.96,9210492,,,,,,50.72,50.74,50.72,50.735,2931030,338.2,339.52,334.3816,336.31,35086202,215.22,215.54,212.92,213.84,4240094
2021-04-21 00:00:00-04:00,117.78,121.8,116.54,121.79,6296474,,,,,,50.74,50.75,50.74,50.745,2239061,335.08,339.48,333.97,339.3,33316076,213.65,216.325,213.2529,216.29,2819202
2021-04-22 00:00:00-04:00,122.54,124.42,120.37,121.42,7590077,,,,,,50.75,50.75,50.74,50.75,2216324,338.88,339.9,334.01,335.19,44005227,216.45,217.04,213.8801,214.55,4093950
2021-04-23 00:00:00-04:00,121.73,123.925,121.53,123.72,4421585,,,,,,50.75,50.75,50.73,50.74,2971976,335.85,340.767,335.84,339.42,32868830,215.08,217.865,214.965,217.17,3109281
2021-04-26 00:00:00-04:00,124.63,127.82,123.52,127.66,6111204,,,,,,50.74,50.75,50.74,50.75,1816867,339.67,341.92,338.9,341.63,26102213,217.74,218.27,217.45,217.94,3061279
2021-04-27 00:00:00-04:00,127.62,128.14,125.2,126.17,4750827,,,,,,50.75,50.76,50.74,50.76,2260892,341.93,342.15,339.17,340.07,30404880,218.3,218.325,217.35,217.89,2419664
2021-04-28 00:00:00-04:00,125.3,126.46,123.88,125.32,5084248,,,,,,50.75,50.76,50.75,50.75,2966385,339.81,340.85,338.3301,338.75,28385964,218.07,218.64,217.621,217.86,2542234
2021-04-29 00:00:00-04:00,126.15,126.3,120.58,121.81,9092500,,,,,,50.75,50.76,50.75,50.75,1978631,342.35,342.8,336.9001,340.215,33730307,219.66,219.66,216.94,218.75,3602093
2021-04-30 00:00:00-04:00,120.09,122.61,119.85,120.68,6656052,,,,,,50.75,50.76,50.75,50.75,2151477,337.7,340.26,337.05,337.89,34635465,217.51,218.17,216.75,217.11,3141317
2021-05-03 00:00:00-04:00,121.21,121.41,116.71,116.98,10739132,,,,,,50.74,50.74,50.7131,50.725,2201597,339.24,340.0,335.73,336.132,26932952,218.57,218.57,217.3,217.47,3731404
2021-05-04 00:00:00-04:00,115.43,115.5,111.16,113.32,14058947,,,,,,50.72,50.73,50.72,50.73,3082851,333.56,333.89,326.21,330.15,59872283,216.48,216.54,213.81,215.8693,4682663
2021-05-05 00:00:00-04:00,114.66,114.839,110.71,111.53,8751955,,,,,,50.73,50.74,50.72,50.72,2499316,332.25,333.14,328.23,329.0,41692899,216.94,216.95,215.28,215.65,2780405
2021-05-06 00:00:00-04:00,110.72,110.72,105.68,108.13,17038168,,,,,,50.72,50.74,50.71,50.735,2428931,328.76,331.67,326.45,331.56,43244989,215.78,216.95,214.08,216.89,3772799
2021-05-07 00:00:00-04:00,111.02,113.13,109.13,109.67,12872763,,,,,,50.725,50.74,50.72,50.74,1943184,334.39,336.65,331.6914,334.16,44426330,217.4,218.99,217.1,218.71,3689692
2021-05-10 00:00:00-04:00,108.38,108.39,103.9,104.03,17233809,,,,,,50.73,50.74,50.72,50.72,2380318,332.78,332.96,325.55,325.62,55976891,218.89,218.8999,216.06,216.06,3969977
2021-05-11 00:00:00-04:00,99.86,107.13,98.89,106.12,29382218,,,,,,50.73,50.74,50.72,50.7278,3078940,319.7,326.1299,319.02,325.31,66081299,213.29,214.91,212.02,214.44,5790719
2021-05-12 00:00:00-04:00,103.34,105.84,101.53,102.08,16109138,,,,,,50.72,50.73,50.71,50.715,2656141,320.23,322.62,316.0,316.97,79354705,212.94,213.63,209.21,209.52,5265463
2021-05-13 00:00:00-04:00,103.29,104.68,97.22,99.46,28769768,,,,,,50.72,50.73,50.71,50.72,3767093,319.92,322.4,316.9,319.3684,63790351,210.38,212.92,210.33,211.95,4694367
2021-05-14 00:00:00-04:00,101.61,104.64,100.57,104.19,19722594,,,,,,50.73,50.74,50.72,50.74,2864161,322.63,327.33,322.08,326.35,40138904,213.55,215.96,213.5,215.52,4178883
2021-05-17 00:00:00-04:00,102.75,104.9496,100.94,103.23,15946000,,,,,,50.73,50.74,50.73,50.73,1596183,324.61,326.3721,321.45,324.44,36860015,214.9,215.3794,213.74,214.98,3965771
2021-05-18 00:00:00-04:00,103.31,107.19,102.28,104.7899,17356114,,,,,,50.735,50.76,50.73,50.75,3607726,325.41,326.65,321.94,322.15,34125505,215.25,215.63,213.34,213.43,3060884
2021-05-19 00:00:00-04:00,100.04,103.24,100.03,102.95,17594194,,,,,,50.75,50.77,50.74,50.75,2647574,316.66,322.9,316.3,322.63,61047207,210.57,212.76,209.75,212.75,5378564
2021-05-20 00:00:00-04:00,104.52,107.11,104.0499,106.59,11449311,,,,,,50.745,50.76,50.74,50.75,2686736,324.12,329.71,323.89,328.86,42637344,213.21,215.655,213.18,215.06,3328444
2021-05-21 00:00:00-04:00,107.75,108.1399,105.71,105.81,11058557,,,,,,50.74,50.75,50.74,50.75,1677951,330.48,330.86,326.64,326.96,48607487,216.08,216.738,214.71,215.0,3478550
2021-05-24 00:00:00-04:00,106.83,109.49,105.9,108.68,9055512,,,,,,50.75,50.75,50.74,50.745,1386579,329.37,333.67,326.9032,332.53,29288123,216.24,217.7,215.92,217.09,2714192
2021-05-25 00:00:00-04:00,109.5,110.77,108.3205,109.35,8600867,,,,,,50.745,50.76,50.74,50.76,1525519,334.07,334.81,331.755,332.97,29292479,217.84,218.02,216.2,216.53,3581844
2021-05-26 00:00:00-04:00,109.97,111.75,109.76,111.42,8101697,,,,,,50.76,50.77,50.75,50.7677,2145617,333.66,334.61,332.95,334.05,23056961,216.98,217.555,216.482,217.37,2666732
2021-05-27 00:00:00-04:00,111.52,112.305,109.27,112.2698,7245119,,,,,,50.77,50.77,50.76,50.7625,1598863,333.66,334.54,332.67,333.16,24679192,218.0,218.24,217.59,217.92,2524059
2021-05-28 00:00:00-04:00,112.4579,115.14,111.85,112.0,8776291,,,,,,50.755,50.77,50.75,50.76,1775109,334.14,335.5699,333.6,333.7801,25088199,218.6,218.73,218.025,218.14,2516651
2021-06-01 00:00:00-04:00,112.85,113.74,110.051,111.335,7343044,,,,,,50.75,50.75,50.74,50.745,3477107,335.31,335.785,331.43,332.82,28685154,219.53,219.53,217.81,218.15,3608376
2021-06-02 00:00:00-04:00,111.33,112.23,110.264,111.305,7101989,,,,,,50.74,50.75,50.74,50.745,3197041,333.25,334.34,331.695,333.44,20474316,218.62,218.82,217.89,218.51,3540120
2021-06-03 00:00:00-04:00,109.71,110.68,107.391,107.41,9752871,,,,,,50.735,50.75,50.735,50.74,1727655,330.55,331.86,328.28,329.89,33685079,217.3,218.05,216.08,217.472,2889940
2021-06-04 00:00:00-04:00,108.78,110.295,108.44,109.52,6242526,,,,,,50.75,50.75,50.73,50.74,2790638,331.85,336.0582,331.78,335.68,34275127,218.57,219.4791,218.46,219.34,2190926
2021-06-07 00:00:00-04:00,109.27,113.05,108.93,112.64,7104025,,,,,,50.73,50.74,50.73,50.74,1930132,335.02,336.66,334.34,336.5301,28890548,219.55,219.68,219.03,219.64,2632441
2021-06-08 00:00:00-04:00,113.7499,114.77,110.72,113.07,6610095,,,,,,50.75,50.75,50.73,50.74,2373911,338.38,339.29,335.03,336.64,22876272,220.03,220.2757,218.66,219.93,2719689
2021-06-09 00:00:00-04:00,113.74,114.72,112.65,112.79,7159656,,,,,,50.73,50.75,50.73,50.74,2199866,338.18,338.97,336.651,336.86,19177723,220.41,220.5,219.35,219.43,2635861
2021-06-10 00:00:00-04:00,112.45,115.13,112.1375,114.94,6945236,,,,,,50.74,50.74,50.73,50.735,3022383,337.22,340.46,336.73,340.36,28640289,220.21,220.9,219.19,220.33,2843294
2021-06-11 00:00:00-04:00,115.47,116.16,114.82,116.09,6417847,,,,,,50.735,50.75,50.73,50.74,2008497,340.36,341.25,339.69,341.19,19116233,220.78,221.0,220.125,221.0,2758757
2021-06-14 00:00:00-04:00,116.59,118.908,116.41,118.3,8208269,,,,,,50.74,50.75,50.74,50.75,1820326,341.68,344.5,340.46,344.49,24533381,221.2,221.39,220.38,221.36,2862322
2021-06-15 00:00:00-04:00,117.85,118.05,114.64,115.12,8430542,,,,,,50.74,50.75,50.74,50.745,3281113,344.15,344.47,341.52,342.19,32488930,221.49,221.53,220.1695,220.74,3037866
2021-06-16 00:00:00-04:00,114.87,115.77,111.88,114.52,12081505,,,,,,50.74,50.75,50.73,50.74,1877950,342.74,343.84,337.45,340.94,52864851,220.97,220.97,218.3809,219.65,3351803
2021-06-17 00:00:00-04:00,113.88,119.16,113.62,118.44,12449598,,,,,,50.73,50.74,50.73,50.73,1824403,339.97,346.38,339.92,345.34,55521045,219.44,220.0591,217.95,219.48,2895249
2021-06-18 00:00:00-04:00,117.77,119.85,117.3801,118.92,8269970,,,,,,50.73,50.74,50.72,50.72,1906329,343.63,344.8082,341.86,342.62,51227049,217.99,218.15,216.53,216.6,4387594
2021-06-21 00:00:00-04:00,118.47,120.18,116.52,119.41,5251240,,,,,,50.71,50.72,50.71,50.7175,3919994,342.43,344.69,340.15,344.31,28790982,217.67,219.795,217.08,219.67,3724993
2021-06-22 00:00:00-04:00,118.98,121.0499,118.85,121.0,6213240,,,,,,50.72,50.73,50.71,50.73,2503080,344.15,348.03,343.84,347.52,27066231,219.85,221.35,219.18,220.92,2571535
2021-06-23 00:00:00-04:00,121.5,123.88,121.22,123.52,7556668,,,,,,50.73,50.74,50.72,50.73,1719108,347.51,348.92,346.88,347.66,24669356,221.1,221.59,220.8101,220.86,2560559
2021-06-24 00:00:00-04:00,124.91,127.22,124.52,125.29,9628128,,,,,,50.73,50.73,50.72,50.73,1470362,349.74,351.46,349.17,349.85,30773127,221.51,221.87,221.29,221.66,2828240
2021-06-25 00:00:00-04:00,125.94,126.33,124.03,125.48,7061995,,,,,,50.72,50.73,50.71,50.715,2511606,350.47,350.72,348.84,349.47,24735610,222.26,222.7,221.91,222.48,2705688
2021-06-28 00:00:00-04:00,128.7,130.83,128.534,130.235,9941628,,,,,,50.73,50.73,50.72,50.73,2452593,350.78,353.85,350.72,353.68,35144432,222.99,222.99,221.8601,222.73,3001769
2021-06-29 00:00:00-04:00,130.07,131.499,129.01,130.86,6796375,,,,,,50.73,50.74,50.72,50.7301,2432900,353.53,355.0199,352.67,354.96,26843364,223.31,223.4,222.47,222.81,3562637
2021-06-30 00:00:00-04:00,130.55,132.5,129.06,130.79,8478267,,,,,,50.73,50.74,50.73,50.74,2784988,354.82,355.23,353.83,354.4602,29696673,222.69,223.1453,222.46,222.83,2609433
2021-07-01 00:00:00-04:00,130.75,131.55,127.28,129.11,7220632,,,,,,50.715,50.72,50.71,50.71,1743019,354.07,355.09,352.68,354.59,27134636,223.4,224.0596,223.1,224.01,3543733
2021-07-02 00:00:00-04:00,129.88,131.43,127.89,128.14,5721733,,,,,,50.71,50.72,50.7,50.7,1452775,356.54,358.97,356.28,358.65,25876531,224.71,225.41,224.3101,225.28,2819974
2021-07-06 00:00:00-04:00,128.1,128.976,126.4101,127.21,7240515,,,,,,50.72,50.72,50.7,50.705,2605561,359.27,360.48,356.49,360.16,36231290,225.52,225.52,223.163,224.68,3891540
2021-07-07 00:00:00-04:00,128.01,128.28,123.12,124.15,9062791,,,,,,50.71,50.72,50.71,50.72,2040999,362.45,362.76,358.94,360.83,33173855,225.08,225.36,223.52,225.08,3928210
2021-07-08 00:00:00-04:00,120.38,124.34,119.39,123.4,9346924,,,,,,50.71,50.73,50.71,50.725,1810829,355.74,359.65,354.42,358.86,44366319,221.93,223.7196,221.14,223.17,4341291
2021-07-09 00:00:00-04:00,123.61,125.9,122.03,125.54,6170712,,,,,,50.72,50.73,50.72,50.72,1886354,358.17,361.5,357.57,361.0,30551524,224.16,225.98,224.02,225.87,3773765
2021-07-12 00:00:00-04:00,126.24,127.4,124.01,124.74,3963461,,,,,,50.72,50.73,50.71,50.71,1699528,362.45,362.89,360.83,362.42,22879511,225.95,226.61,225.47,226.48,3181860
2021-07-13 00:00:00-04:00,124.4,124.95,122.2,122.34,6281389,,,,,,50.71,50.72,50.71,50.71,1926476,362.04,365.465,361.54,362.36,35870257,226.1,226.52,225.12,225.27,4082658
2021-07-14 00:00:00-04:00,123.3,123.31,118.07,118.2,10227551,,,,,,50.72,50.72,50.71,50.71,1524469,364.81,365.49,362.22,362.97,32844978,226.27,226.455,224.42,224.92,2743411
2021-07-15 00:00:00-04:00,117.97,119.41,114.4585,116.48,12488558,,,,,,50.71,50.72,50.71,50.71,1458832,362.98,363.19,358.46,360.44,48506072,224.45,224.76,222.86,224.14,3125617
2021-07-16 00:00:00-04:00,117.81,117.94,115.45,116.52,7422463,,,,,,50.72,50.72,50.7,50.71,1546391,361.41,362.41,357.24,357.59,42348080,225.0,225.0,222.19,222.4,3025596
2021-07-19 00:00:00-04:00,113.79,117.58,113.27,117.24,11154623,,,,,,50.71,50.72,50.64,50.71,1900454,354.05,355.18,352.04,354.65,58254394,219.81,219.81,217.822,219.28,6724369
2021-07-20 00:00:00-04:00,117.51,121.175,116.45,120.69,6503510,,,,,,50.72,50.7201,50.71,50.71,2198649,355.65,360.28,353.8,358.74,36532691,219.95,223.71,219.385,223.01,4482448
2021-07-21 00:00:00-04:00,120.875,122.91,119.98,122.62,5605311,,,,,,50.71,50.73,50.71,50.725,2832699,358.35,361.54,358.12,361.45,26786809,223.75,225.02,223.55,225.02,2444404
2021-07-22 00:00:00-04:00,122.5,123.42,121.25,121.7,4480031,,,,,,50.73,50.74,50.72,50.72,2477534,361.75,363.96,361.75,363.94,27937961,225.2,225.35,224.18,225.12,2162357
2021-07-23 00:00:00-04:00,122.0,122.56,120.38,122.36,4284583,,,,,,50.73,50.73,50.72,50.73,2107206,365.31,368.485,363.9157,368.07,28722237,226.25,227.61,225.83,227.45,2762756
2021-07-26 00:00:00-04:00,122.51,123.11,120.95,121.56,5619213,,,,,,50.72,50.74,50.72,50.735,1745184,367.49,368.89,366.601,368.47,25290598,227.25,227.9,227.13,227.87,2766367
2021-07-27 00:00:00-04:00,121.05,121.52,115.5825,118.68,10879530,,,,,,50.73,50.74,50.73,50.73,2275619,368.19,368.22,360.16,364.44,53754641,227.38,227.4301,224.98,226.67,4001152
2021-07-28 00:00:00-04:00,118.56,121.78,117.96,121.37,5633436,,,,,,50.73,50.74,50.73,50.73,1526905,365.6,367.45,363.24,365.84,38442770,227.12,227.81,226.1881,227.06,3205829
2021-07-29 00:00:00-04:00,121.01,123.23,120.67,121.55,3663673,,,,,,50.74,50.75,50.73,50.745,1166688,365.25,367.6794,365.25,366.5,20620668,227.58,228.75,227.58,228.03,2850680
2021-07-30 00:00:00-04:00,119.99,122.41,119.62,119.98,5137709,,,,,,50.735,50.74,50.73,50.73,2772304,362.45,365.17,362.41,364.52,31311587,226.57,227.9195,226.4,226.72,2707083
2021-08-02 00:00:00-04:00,120.54,122.44,119.09,121.16,5131165,,,,,,50.71,50.73,50.71,50.725,2094464,366.28,366.88,363.87,364.52,24729226,227.85,228.1,226.1916,226.35,3174685
2021-08-03 00:00:00-04:00,121.31,121.49,118.52,120.19,6657958,,,,,,50.72,50.73,50.72,50.73,1227158,365.29,366.93,362.0,366.77,33439408,226.83,228.0,225.28,227.94,3145841
2021-08-04 00:00:00-04:00,120.02,123.36,119.99,123.31,5143991,,,,,,50.72,50.73,50.71,50.73,1286109,366.76,368.32,365.63,367.34,27414778,227.19,227.69,226.75,226.89,3275799
2021-08-05 00:00:00-04:00,122.52,126.25,121.74,125.58,5103044,,,,,,50.72,50.73,50.71,50.72,2294113,368.14,369.91,367.45,369.78,19312675,227.52,228.595,227.24,228.58,2386593
2021-08-06 00:00:00-04:00,125.27,125.73,122.29,123.02,5901432,,,,,,50.715,50.72,50.71,50.72,2013655,368.35,369.37,366.905,368.06,29063191,228.93,229.31,228.39,228.8,2291993
2021-08-09 00:00:00-04:00,123.63,125.48,122.98,124.73,4346288,,,,,,50.715,50.72,50.7,50.705,1841635,368.52,369.27,367.39,368.7,21446066,228.86,229.04,228.02,228.66,3007855
2021-08-10 00:00:00-04:00,124.87,125.57,121.42,121.53,5282118,,,,,,50.71,50.72,50.7,50.71,4329073,369.26,369.56,365.62,366.85,32409565,229.0,229.3099,228.51,228.74,2545896
2021-08-11 00:00:00-04:00,122.56,122.88,119.36,121.3,5819455,,,,,,50.7,50.72,50.7,50.71,1714009,368.14,368.65,364.84,366.23,28647403,229.44,229.49,228.41,229.3,2970620
2021-08-12 00:00:00-04:00,120.9,122.29,120.59,121.84,3211741,,,,,,50.71,50.72,50.7,50.72,1620341,365.68,367.9,364.295,367.59,23566034,229.35,230.02,228.77,229.92,2609786
2021-08-13 00:00:00-04:00,121.96,122.1,119.91,120.08,3929840,,,,,,50.71,50.72,50.7001,50.71,1525443,367.88,369.16,367.38,368.82,17361100,230.23,230.25,229.76,230.11,2403910
2021-08-16 00:00:00-04:00,119.25,119.3,115.23,117.07,7608558,,,,,,50.72,50.72,50.71,50.72,1581441,367.67,369.02,363.7,368.97,33063369,229.48,230.245,228.28,230.18,3100669
2021-08-17 00:00:00-04:00,115.19,116.81,114.23,115.98,8316697,,,,,,50.72,50.73,50.71,50.725,2611898,366.15,367.15,363.23,365.71,41792226,228.72,229.04,226.78,228.47,3604451
2021-08-18 00:00:00-04:00,116.09,117.99,114.94,115.85,5872299,,,,,,50.72,50.73,50.7,50.72,2899049,365.18,366.62,361.865,362.2,33486908,228.11,228.825,226.06,226.19,3090489
2021-08-19 00:00:00-04:00,114.35,116.14,113.54,113.93,5508392,,,,,,50.72,50.72,50.71,50.715,2621332,360.22,365.68,359.96,363.97,43707421,224.72,226.82,224.4,226.08,3863373
2021-08-20 00:00:00-04:00,114.35,116.16,114.15,115.72,4432023,,,,,,50.71,50.72,50.71,50.72,1866468,365.05,368.14,364.74,367.75,35791235,226.32,228.185,226.02,228.09,2555504
2021-08-23 00:00:00-04:00,116.99,119.61,116.86,119.47,6415239,,,,,,50.72,50.72,50.7,50.7,1755212,368.8,373.935,368.78,373.2,29187702,229.07,230.74,228.78,230.32,2821486
2021-08-24 00:00:00-04:00,120.31,121.12,119.83,121.06,5020939,,,,,,50.71,50.72,50.71,50.715,1739254,373.83,374.99,373.36,374.39,19571271,230.86,231.41,230.67,231.11,2702435
2021-08-25 00:00:00-04:00,120.94,121.5,120.19,121.04,3028195,,,,,,50.71,50.74,50.7,50.72,1913456,374.63,375.39,373.855,374.57,18232712,231.39,232.02,230.98,231.75,2575021
2021-08-26 00:00:00-04:00,120.72,122.36,118.87,119.2,4597332,,,,,,50.71,50.73,50.71,50.7261,2370367,373.92,374.62,371.97,372.4,27370249,231.62,231.789,230.16,230.29,3281995
2021-08-27 00:00:00-04:00,119.82,122.39,119.3506,121.89,3583267,,,,,,50.72,50.73,50.72,50.73,3840879,373.07,376.56,372.57,376.08,24572719,230.8,232.935,230.674,232.73,3584112
2021-08-30 00:00:00-04:00,122.24,123.26,121.49,122.76,2894042,,,,,,50.73,50.74,50.72,50.74,1672494,376.84,380.76,376.83,380.32,25366938,233.22,233.965,232.8,233.53,3086046
2021-08-31 00:00:00-04:00,121.65,122.41,120.72,122.0,3740687,,,,,,50.74,50.74,50.73,50.74,2140203,380.51,380.579,378.36,379.89,26969165,233.56,233.63,232.77,233.17,2988430
2021-09-01 00:00:00-04:00,122.5,124.73,122.3,123.75,4564606,,,,,,50.72,50.72,50.7,50.72,3268995,381.05,382.71,380.37,380.59,25472478,233.82,234.21,233.25,233.55,3171916
2021-09-02 00:00:00-04:00,124.5099,125.35,124.05,124.85,3126914,,,,,,50.72,50.72,50.71,50.715,1397530,381.97,382.31,379.15,380.42,23497766,234.31,234.65,233.68,234.36,3199833
2021-09-03 00:00:00-04:00,124.49,125.61,123.85,125.02,3802602,,,,,,50.72,50.72,50.71,50.71,2418815,379.22,381.98,379.2,381.59,21194594,234.0,234.5,233.63,234.27,2425908
2021-09-07 00:00:00-04:00,125.21,126.32,124.18,124.7,4069080,,,,,,50.72,50.72,50.71,50.72,2657910,381.65,382.778,380.4882,382.11,21728488,234.29,234.2999,233.02,233.28,3147171
2021-09-08 00:00:00-04:00,124.06,124.06,120.47,121.24,6153740,,,,,,50.72,50.72,50.71,50.715,1826392,381.93,381.93,378.5503,380.83,30431612,233.01,233.26,231.59,232.68,2905782
2021-09-09 00:00:00-04:00,121.17,123.47,120.92,121.77,3557200,,,,,,50.71,50.72,50.71,50.72,1950072,381.01,382.15,379.22,379.42,27459982,232.67,233.65,231.75,231.84,2633683
2021-09-10 00:00:00-04:00,122.65,122.97,120.44,120.46,3211353,,,,,,50.715,50.72,50.71,50.71,2288716,381.23,381.97,376.245,376.5,37288749,233.03,233.19,229.96,230.05,3302457
2021-09-13 00:00:00-04:00,120.72,120.81,116.14,118.23,6435187,,,,,,50.71,50.72,50.71,50.72,2686674,378.99,379.43,374.22,376.36,45890350,231.51,231.7353,229.33,230.53,3232826
2021-09-14 00:00:00-04:00,118.74,119.55,116.47,116.88,5006300,,,,,,50.715,50.73,50.71,50.73,4085823,377.84,378.61,374.28,375.18,38873176,231.41,231.49,228.6201,229.15,3016545
2021-09-15 00:00:00-04:00,116.96,117.97,115.6,117.8,4412483,,,,,,50.725,50.73,50.72,50.73,1679719,375.73,378.41,373.37,378.01,31050781,229.42,231.34,228.715,231.1,2531684
2021-09-16 00:00:00-04:00,117.47,118.95,116.4,118.56,4670664,,,,,,50.725,50.73,50.72,50.72,1358178,376.71,378.9,374.695,378.34,32691551,230.94,231.52,229.3,230.9,2490731
2021-09-17 00:00:00-04:00,118.83,121.49,117.86,121.43,7402233,,,,,,50.72,50.73,50.72,50.72,1914692,377.82,377.87,372.76,373.82,52313395,230.34,230.83,228.65,229.12,2961944
2021-09-20 00:00:00-04:00,116.97,118.619,114.44,116.28,9487459,,,,,,50.72,50.73,50.7,50.7,2799790,367.49,369.25,360.93,365.82,67517859,225.51,226.308,222.31,225.09,7383546
2021-09-21 00:00:00-04:00,117.26,118.14,116.22,117.1,4458835,,,,,,50.715,50.72,50.71,50.72,1703780,367.58,368.81,364.99,366.09,38501039,226.51,227.03,224.4619,225.05,4390961
2021-09-22 00:00:00-04:00,117.18,118.98,116.87,118.11,3575374,,,,,,50.71,50.72,50.71,50.71,2133348,367.09,371.07,365.9584,369.55,44140590,226.33,228.43,225.83,227.32,4100889
2021-09-23 00:00:00-04:00,119.31,119.52,118.13,119.33,3998561,,,,,,50.72,50.72,50.71,50.71,2038306,370.76,374.04,370.099,372.91,39459122,228.44,230.945,228.05,230.08,3628479
2021-09-24 00:00:00-04:00,118.09,118.4,116.27,117.13,4929481,,,,,,50.72,50.72,50.71,50.715,1547843,370.65,373.76,370.27,373.33,30671009,228.55,229.945,228.1921,229.55,2879058
2021-09-27 00:00:00-04:00,116.6,117.27,114.6,116.99,8026210,,,,,,50.7,50.71,50.69,50.69,3298568,370.2,371.2516,367.73,370.39,38162379,228.9,229.87,228.51,229.15,2813492
2021-09-28 00:00:00-04:00,115.29,115.58,111.81,112.19,11858297,,,,,,50.7,50.72,50.69,50.71,2890533,365.67,370.302,359.35,359.85,90070657,227.65,227.79,224.05,224.36,4915075
2021-09-29 00:00:00-04:00,112.92,113.34,109.6,109.75,8729728,,,,,,50.71,50.73,50.71,50.725,3515017,361.18,363.37,358.635,359.36,53671853,225.22,225.99,224.28,224.45,4443485
2021-09-30 00:00:00-04:00,110.35,111.71,110.0,110.51,8387866,,,,,,50.72,50.73,50.71,50.73,2478465,361.02,362.68,357.1,357.73,56492511,225.35,228.4,221.94,222.0,4859119
2021-10-01 00:00:00-04:00,111.02,111.45,109.14,111.16,5072477,,,,,,50.71,50.71,50.69,50.7,4198749,358.6,361.25,354.38,360.1,50606474,223.1,225.63,221.02,224.71,4843851
2021-10-04 00:00:00-04:00,110.72,110.82,106.35,107.2,7305876,,,,,,50.71,50.71,50.69,50.69,2859075,358.52,358.86,350.32,352.7,71136235,224.24,224.4,220.5417,221.73,4820412
2021-10-05 00:00:00-04:00,107.57,110.23,107.57,109.01,5229209,,,,,,50.7,50.71,50.69,50.69,4230801,353.71,359.69,353.48,357.38,43632992,222.43,224.985,222.1,223.8,3491531
2021-10-06 00:00:00-04:00,108.0,110.33,107.73,109.94,4512093,,,,,,50.69,50.7,50.68,50.68,2485222,354.07,359.95,353.15,359.68,51746178,221.89,224.81,220.98,224.65,2934235
2021-10-07 00:00:00-04:00,111.2,113.38,110.94,112.58,4909800,,,,,,50.7,50.7,50.68,50.68,2134108,362.8,365.69,362.25,362.94,35484956,226.5,228.36,226.11,226.9,2927907
2021-10-08 00:00:00-04:00,112.97,113.12,110.45,110.55,4334236,,,,,,50.685,50.69,50.67,50.67,1433065,364.1,364.3166,360.61,361.1,35191315,227.4,227.5516,226.02,226.22,1807251
2021-10-11 00:00:00-04:00,110.19,112.06,109.76,110.24,3911899,,,,,,50.67,50.68,50.67,50.68,1314408,359.58,363.2,358.3,358.39,31733439,226.07,227.59,224.68,224.7,2276585
2021-10-12 00:00:00-04:00,110.77,112.33,110.6581,111.68,3728424,,,,,,50.68,50.68,50.65,50.655,1976682,359.88,360.33,356.48,357.15,38756337,225.31,225.7,224.16,224.56,2783638
2021-10-13 00:00:00-04:00,112.09,113.52,111.94,113.4,4377828,,,,,,50.665,50.67,50.65,50.665,2637686,359.49,360.69,357.43,360.0,36323036,225.17,226.03,223.65,225.62,3088380
2021-10-14 00:00:00-04:00,115.0,116.58,114.65,115.545,4667800,,,,,,50.67,50.67,50.65,50.65,1876085,363.69,366.85,363.01,366.6,40243149,227.71,229.43,227.5,229.38,2555505
2021-10-15 00:00:00-04:00,116.43,116.49,115.31,115.74,3389519,,,,,,50.65,50.66,50.65,50.655,2260974,367.88,369.06,366.82,368.99,34692516,230.69,231.16,230.27,230.74,2611127
2021-10-18 00:00:00-04:00,115.03,117.19,114.9401,117.02,3561873,,,,,,50.66,50.66,50.64,50.64,2257409,367.6,372.87,366.99,372.65,28085085,230.07,231.66,229.45,231.56,2860201
2021-10-19 00:00:00-04:00,117.7,120.17,117.5302,119.59,5535469,40.88,42.15,40.07,41.9,23793837.0,50.64,50.65,50.64,50.64,2019923,373.74,375.52,372.6974,375.44,25228935,232.57,233.28,232.11,233.16,2530914
2021-10-20 00:00:00-04:00,120.0,120.4,118.16,118.86,3339902,42.22,43.95,42.1,43.27,28194395.0,50.65,50.66,50.64,50.65,1758988,375.94,376.565,373.46,374.98,27504995,233.55,234.349,233.4,234.13,2395968
2021-10-21 00:00:00-04:00,118.44,120.76,118.37,119.66,4268875,42.65,42.79,40.41,40.82,19186877.0,50.64,50.65,50.64,50.64,2114522,374.14,377.47,373.85,377.27,20890389,233.91,234.95,233.6714,234.81,2338680
2021-10-22 00:00:00-04:00,119.1,119.13,116.69,117.75,4723831,41.26,41.3029,38.9,39.49,11187755.0,50.63,50.64,50.611,50.62,2487751,375.98,376.97,372.385,374.03,32854830,234.6,235.31,233.315,234.4,1930244
2021-10-25 00:00:00-04:00,118.59,122.28,117.801,121.81,7239096,40.91,41.309,40.53,40.57,6496598.0,50.62,50.63,50.61,50.63,2339257,375.57,378.87,373.56,377.92,27198872,235.07,235.96,234.1,235.73,2008186
2021-10-26 00:00:00-04:00,122.65,124.45,120.58,121.13,7702707,40.45,40.65,39.99,40.06,5290037.0,50.62,50.64,50.6,50.62,3321201,380.22,382.71,377.905,378.88,41795078,236.65,237.19,235.46,235.74,2633032
2021-10-27 00:00:00-04:00,121.24,121.87,118.78,118.78,4635774,38.07,38.345,37.5,38.09,6082564.0,50.62,50.64,50.62,50.631,2440298,379.58,383.15,379.31,379.95,38541477,236.05,236.08,233.99,234.03,3255730
2021-10-28 00:00:00-04:00,118.7,122.215,118.54,121.68,4527352,39.69,39.8825,37.34,39.57,6634355.0,50.63,50.63,50.62,50.63,1972269,381.95,384.48,381.155,384.2,31146606,234.94,236.6,234.7819,236.53,1917342
2021-10-29 00:00:00-04:00,120.92,122.059,120.71,121.22,3040681,39.44,40.72,39.345,40.38,6838136.0,50.62,50.63,50.6,50.61,2525050,381.06,386.28,380.7,386.08,31758575,235.48,237.13,235.37,236.91,3344591
2021-11-01 00:00:00-04:00,121.93,125.15,121.89,125.14,6331559,39.88,40.05,38.62,39.515,5618695.0,50.58,50.59,50.57,50.58,2753449,386.56,387.56,384.42,387.43,26942766,237.75,238.12,236.72,238.1,3766120
2021-11-02 00:00:00-04:00,124.56,124.56,121.87,123.06,5479084,40.75,41.42,40.57,40.98,5735613.0,50.57,50.59,50.57,50.58,2040082,386.8,389.54,386.75,389.12,22377397,238.32,238.93,237.91,238.81,3379990
2021-11-03 00:00:00-04:00,122.28,124.67,121.36,124.6,3805348,40.17,40.76,39.11,40.39,4726493.0,50.59,50.6,50.59,50.59,2259997,389.53,393.61,388.48,393.235,31575664,238.69,240.73,238.295,240.52,3350523
2021-11-04 00:00:00-04:00,124.7321,125.86,123.2877,124.4,5061283,39.825,40.2,38.96,39.31,4049393.0,50.59,50.61,50.59,50.6,3544293,394.46,399.2,393.92,398.24,37357484,241.03,241.801,240.53,241.4,3422284
2021-11-05 00:00:00-04:00,123.96,124.501,121.02,122.19,5610514,39.61,39.85,39.02,39.295,2770126.0,50.6,50.62,50.6,50.61,2070880,400.04,400.99,397.16,398.57,37799298,242.75,243.51,241.39,242.34,3765571
2021-11-08 00:00:00-05:00,121.69,124.3,121.61,123.4,3266167,42.15,42.92,41.97,42.5799,6992265.0,50.6,50.63,50.6,50.61,2874950,398.57,399.62,397.4,398.06,26737662,243.17,243.56,242.43,242.73,3256777
2021-11-09 00:00:00-05:00,123.91,124.22,119.65,120.5,5570377,43.69,43.85,42.55,43.32,6832440.0,50.61,50.62,50.61,50.6101,2053511,399.16,399.57,393.92,395.28,48114670,243.04,243.14,241.19,242.05,2683190
2021-11-10 00:00:00-05:00,118.44,120.785,115.2,116.65,7568712,43.92,44.29,41.84,42.315,8456320.0,50.615,50.62,50.6,50.61,2675071,392.47,395.36,387.53,389.49,49753283,241.14,241.96,238.73,239.67,3260686
2021-11-11 00:00:00-05:00,118.28,118.78,117.1,117.24,3826637,41.57,42.135,41.45,41.63,2869373.0,50.605,50.61,50.57,50.58,1654888,392.57,392.75,390.24,390.62,28990905,240.67,240.758,239.955,239.98,2252384
2021-11-12 00:00:00-05:00,117.77,118.52,116.71,118.5,3522223,40.88,41.29,39.95,41.13,7334627.0,50.59,50.6,50.5801,50.6,2109212,391.77,395.25,390.13,394.72,30500126,240.64,242.04,240.212,241.81,2328133
2021-11-15 00:00:00-05:00,118.85,119.05,116.64,117.44,3476960,41.79,41.86,40.73,40.89,5585604.0,50.59,50.6,50.58,50.58,3194499,395.91,396.24,392.095,394.63,30051286,242.44,242.67,241.14,241.78,3255572
2021-11-16 00:00:00-05:00,116.8,118.9199,116.12,118.9,3062992,38.92,39.36,37.91,38.2516,7198249.0,50.58,50.59,50.58,50.59,2272055,393.87,397.93,393.66,397.5,24351631,241.66,243.33,241.41,242.76,2866163
