,ETH_Daily_Volume,ETH_Close_Price_(USD)
2016-05-27,88635808.96,11.73
2016-05-28,52082279.3,12.23
2016-05-29,27727313.81,12.66
2016-05-30,79779048.24,13.94
2016-05-31,41437617.35,13.83
2016-06-01,19458163.02,13.74
2016-06-02,43687626.87,13.82
2016-06-03,29287668.78,13.69
2016-06-04,20134786.98,14.0
2016-06-05,15419021.83,13.92
2016-06-06,39662664.06,14.38
2016-06-07,30336443.87,14.45
2016-06-08,14048341.58,14.32
2016-06-09,20046126.39,13.98
2016-06-10,19653077.7,13.92
2016-06-11,72233632.29,15.74
2016-06-12,69940529.48,17.56
2016-06-13,115860489.87,18.84
2016-06-14,36877492.25,18.42
2016-06-15,72472945.88,20.61
2016-06-16,363576999.96,15.49
2016-06-17,253372103.5,11.36
2016-06-18,144903963.76,12.33
2016-06-19,239156338.33,11.73
2016-06-20,151199269.33,12.71
2016-06-21,368883887.14,13.21
2016-06-22,76111363.6,13.58
2016-06-23,64377798.84,14.16
2016-06-24,27859493.46,14.17
2016-06-25,26060502.71,13.72
2016-06-26,19213117.56,13.83
2016-06-27,79174919.62,12.15
2016-06-28,46973119.89,12.73
2016-06-29,29404106.82,12.41
2016-06-30,33221703.08,12.3
2016-07-01,16175243.68,12.11
2016-07-02,18564890.39,11.74
2016-07-03,23169981,11.38
2016-07-04,83264450.6,10.45
2016-07-05,32281675.43,10.43
2016-07-06,28431095.27,10.03
2016-07-07,36354986.44,11.27
2016-07-08,28522082.21,10.92
2016-07-09,9409553.84,10.9
2016-07-10,24770616.06,10.46
2016-07-11,17886640.3,10.49
2016-07-12,12491314.47,10.44
2016-07-13,47979945.32,11.55
2016-07-14,57560766.2,11.88
2016-07-15,21096824.41,11.59
2016-07-16,44175760.14,11.19
2016-07-17,29259637.68,10.95
2016-07-18,42865671.41,11.63
2016-07-19,129946655.51,12.54
2016-07-20,52507848.04,12.66
2016-07-21,160283325.91,14.82
2016-07-22,66084798.67,14.4
2016-07-23,148330293.91,12.63
2016-07-24,70584619.89,13.84
2016-07-25,176081737.82,12.08
2016-07-26,108824955.37,13.05
2016-07-27,46027207.38,12.87
2016-07-28,24612961.2,12.84
2016-07-29,17987388.93,12.57
2016-07-30,46991782.3,11.82
2016-07-31,39815704.76,11.05
2016-08-01,154635140.74,8.295
2016-08-02,111440196.64,10.42
2016-08-03,72669042.92,11.21
2016-08-04,27194356.66,10.93
2016-08-05,28931657.53,10.91
2016-08-06,28756424.41,10.94
2016-08-07,25748026.16,11.29
2016-08-08,68891290.04,12.22
2016-08-09,51074300.06,12.22
2016-08-10,33245091.42,11.68
2016-08-11,25166560.29,11.78
2016-08-12,13511544.88,11.52
2016-08-13,16235879.61,11.17
2016-08-14,13350108.54,11.19
2016-08-15,13894940.58,11.16
2016-08-16,16361226.44,10.77
2016-08-17,11915935.06,10.74
2016-08-18,9331938.48,10.75
2016-08-19,13395454.7,11.28
2016-08-20,7606816.78,11.15
2016-08-21,12102180.99,11.11
2016-08-22,11437687.64,11.02
2016-08-23,7742411.57,11.01
2016-08-24,15605386.85,11.37
2016-08-25,10539344.68,11.3
2016-08-26,4553090.6,11.17
2016-08-27,9197948.51,10.99
2016-08-28,13463815.33,10.93
2016-08-29,12634249.11,11.26
2016-08-30,17999603.91,11.59
2016-08-31,44320353.12,12.21
2016-09-01,18161512.32,12.08
2016-09-02,23342000,11.77
2016-09-03,12765913.35,11.69
2016-09-04,10575435.2,11.74
2016-09-05,11345431.97,11.66
2016-09-06,10830561.38,11.53
2016-09-07,19539593.75,11.35
2016-09-08,11488589.44,11.64
2016-09-09,10885593.79,12.1
2016-09-10,16896367.66,11.63
2016-09-11,11054523.96,11.92
2016-09-12,21189220.98,11.92
2016-09-13,10296300.04,11.92
2016-09-14,13547939.84,11.96
2016-09-15,31687734.32,12.61
2016-09-16,13532612.21,12.75
2016-09-17,39651660.5,12.39
2016-09-18,22550418.45,12.93
2016-09-19,65136288.07,14.72
2016-09-20,53179991.16,13.72
2016-09-21,50784504.99,13.11
2016-09-22,16548253.92,13.31
2016-09-23,17340338.13,12.91
2016-09-24,9307588.44,13.04
2016-09-25,12731818.37,12.8
2016-09-26,11759983.61,13.09
2016-09-27,14761324.95,13.25
2016-09-28,9695167.8,13.09
2016-09-29,10651840.89,13.22
2016-09-30,10535824.32,13.15
2016-10-01,6308490.78,13.19
2016-10-02,12485885.94,13.46
2016-10-03,14872805.46,13.28
2016-10-04,17284679.83,13.01
2016-10-05,21301528.42,12.82
2016-10-06,14920620.95,12.62
2016-10-07,18754932.05,12.24
2016-10-08,12437431.21,12.06
2016-10-09,18791335.5,11.74
2016-10-10,19977379.11,11.7
2016-10-11,15634374.75,11.72
2016-10-12,15339109.74,12.1
2016-10-13,7654484.96,11.9
2016-10-14,7201783.58,11.91
2016-10-15,4854842.55,11.88
2016-10-16,10116545.16,11.96
2016-10-17,31014528.63,12.5
2016-10-18,17102376.77,11.98
2016-10-19,10218056.76,12.0
2016-10-20,5690948.34,12.09
2016-10-21,9630202.81,12.09
2016-10-22,6398509.37,11.98
2016-10-23,5766253.02,11.85
2016-10-24,29648303.22,11.34
2016-10-25,13374479.65,11.5
2016-10-26,18404336.39,11.39
2016-10-27,21419750.32,11.01
2016-10-28,46042090.05,10.39
2016-10-29,27103501.79,11.21
2016-10-30,20692684.31,10.93
2016-10-31,37239635.51,10.71
2016-11-01,16491412.73,10.8
2016-11-02,24706870.1,10.9
2016-11-03,12953688.72,11.11
2016-11-04,7186259.58,11.04
2016-11-05,6927850.34,10.88
2016-11-06,6585220.03,10.87
2016-11-07,8955365.3,10.84
2016-11-08,26746702.19,10.67
2016-11-09,6414284.13,10.56
2016-11-10,9634538.94,10.29
2016-11-11,15315074.23,9.881
2016-11-12,15156704.14,10.11
2016-11-13,5636586.66,9.977
2016-11-14,10557871.94,10.19
2016-11-15,16628252.12,10.02
2016-11-16,11151830.55,9.935
2016-11-17,18063703.58,9.434
2016-11-18,7623187.17,9.618
2016-11-19,8458592.49,9.536
2016-11-20,5156744.93,9.57
2016-11-21,19567077.28,9.839
2016-11-22,7233668.8,9.738
2016-11-23,29230822.19,9.22
2016-11-24,12543652.89,9.373
2016-11-25,4573741.86,9.272
2016-11-26,13955364.16,8.909
2016-11-27,9625029.58,8.734
2016-11-28,30890930.16,8.178
2016-11-29,19173848.24,8.598
2016-11-30,10124973.72,8.437
2016-12-01,33218047.62,7.651
2016-12-02,21573588.69,7.901
2016-12-03,13351940.09,7.544
2016-12-04,31124820.69,6.694
2016-12-05,117880559.72,7.612
2016-12-06,51207903.68,8.354
2016-12-07,28142731.14,8.298
2016-12-08,23111110.6,8.518
2016-12-09,13400000.58,8.087
2016-12-10,8988571.21,8.217
2016-12-11,15635092.38,8.453
2016-12-12,6618135,8.356
2016-12-13,8650091.87,8.215
2016-12-14,18714123.97,7.755
2016-12-15,6311938.24,7.794
2016-12-16,11671285.31,7.66
2016-12-17,8627011.34,7.887
2016-12-18,7781250.8,7.591
2016-12-19,8059156.93,7.591
2016-12-20,14507031.97,7.873
2016-12-21,27600459.32,7.641
2016-12-22,32175418.47,7.14
2016-12-23,11697302.11,7.236
2016-12-24,13298160.1,7.164
2016-12-25,8963495.14,7.212
2016-12-26,14153719.56,7.142
2016-12-27,30643249.6,7.465
2016-12-28,45952607.52,8.214
2016-12-29,17864754.08,8.148
2016-12-30,8393331.53,8.054
2016-12-31,17962464.38,8.154
2017-01-01,18830169.47,8.317
2017-01-02,54783411.46,9.595
2017-01-03,68924256.61,11.0
2017-01-04,74818014.33,10.12
2017-01-05,49882448.93,10.1
2017-01-06,32480160.64,9.733
2017-01-07,21629850.62,10.17
2017-01-08,39382862.78,10.27
2017-01-09,17973424.77,10.5
2017-01-10,36222287.27,9.629
2017-01-11,22489318.28,9.713
2017-01-12,16456052.7,9.651
2017-01-13,8923655.58,9.721
2017-01-14,6030337.71,9.797
2017-01-15,10417978.43,9.556
2017-01-16,26871842.88,10.09
2017-01-17,15184179.71,10.1
2017-01-18,11082054.81,10.37
2017-01-19,16267572.15,10.57
2017-01-20,16514616.6,10.9
2017-01-21,9317777,10.71
2017-01-22,8834187,10.74
2017-01-23,9491244.39,10.54
2017-01-24,8534270.28,10.46
2017-01-25,11744360.65,10.63
2017-01-26,9220919.79,10.47
2017-01-27,6442561.43,10.55
2017-01-28,3713537.65,10.44
2017-01-29,9992905.99,10.62
2017-01-30,16198180.1,10.66
2017-01-31,18685348.64,10.65
2017-02-01,14181838.89,10.78
2017-02-02,17821431.82,10.95
2017-02-03,21977740.38,11.32
2017-02-04,6486267.71,11.25
2017-02-05,7451170.7,11.29
2017-02-06,9755866.59,11.45
2017-02-07,12698219.41,11.39
2017-02-08,28628678.64,10.89
2017-02-09,17127485.6,11.3
2017-02-10,9662906.62,11.38
2017-02-11,6905568.86,11.34
2017-02-12,8858876.14,11.3
2017-02-13,72906829.71,13.0
2017-02-14,28365634.1,12.97
2017-02-15,69133471.79,12.95
2017-02-16,16017422.63,12.66
2017-02-17,11445312.1,12.77
2017-02-18,8696111.88,12.74
2017-02-19,18004803.47,12.23
2017-02-20,22283148.63,12.67
2017-02-21,14125584.39,12.57
2017-02-22,20565032.4,13.13
2017-02-23,29928914.05,13.11
2017-02-24,27224099.76,13.51
2017-02-25,31871427.08,14.59
2017-02-26,54100770.53,15.55
2017-02-27,111707491.28,16.07
2017-02-28,79901354.64,17.55
2017-03-01,140333850.86,19.08
2017-03-02,155634190.1,19.48
2017-03-03,39852340.58,18.61
2017-03-04,37502535.27,19.22
2017-03-05,51472656.98,19.75
2017-03-06,58334052.47,18.91
2017-03-07,65295112.48,16.54
2017-03-08,47525993.53,17.71
2017-03-09,148971789.14,19.13
2017-03-10,115829307.59,21.45
2017-03-11,122887898.32,23.31
2017-03-12,463300797.52,28.45
2017-03-13,185915906.04,28.58
2017-03-14,340400456.79,35.18
2017-03-15,916580820.57,45.51
2017-03-16,923415188.3,44.48
2017-03-17,490796710.24,34.0
2017-03-18,456782639.36,43.12
2017-03-19,284432888.99,42.51
2017-03-20,164375057.33,42.67
2017-03-21,212771264.1,41.65
2017-03-22,186143828.98,43.2
2017-03-23,613888527.13,53.19
2017-03-24,425486688.1,50.74
2017-03-25,234461070,50.59
2017-03-26,219181039.44,49.04
2017-03-27,185135248.49,50.36
2017-03-28,278643388.08,53.07
2017-03-29,156710236.26,51.91
2017-03-30,286302434.82,49.91
2017-03-31,163186297.05,50.27
2017-04-01,240392299.22,47.92
2017-04-02,337799842.33,43.89
2017-04-03,285722265.01,44.31
2017-04-04,209357083.57,44.83
2017-04-05,265753249.45,43.03
2017-04-06,146065825.87,42.04
2017-04-07,130109035.27,44.24
2017-04-08,97547787.75,43.49
2017-04-09,76225401.88,43.74
2017-04-10,62648971.87,43.57
2017-04-11,154256162.64,46.38
2017-04-12,271480899.44,50.02
2017-04-13,151232676.03,47.23
2017-04-14,114476085.05,48.88
2017-04-15,48985574.04,48.21
2017-04-16,73017467.7,47.84
2017-04-17,133274488.22,49.88
2017-04-18,133822915.1,47.88
2017-04-19,134935897.31,49.35
2017-04-20,76052322.52,48.35
2017-04-21,60132936.33,48.32
2017-04-22,61476715.46,48.75
2017-04-23,101881424.9,49.94
2017-04-24,66207729.29,50.09
2017-04-25,205932695.83,53.28
2017-04-26,442605940.92,62.93
2017-04-27,631339419.4,71.05
2017-04-28,301677897.76,69.83
2017-04-29,411987144.44,78.72
2017-04-30,701659178.48,77.53
2017-05-01,334603633.94,75.97
2017-05-02,260050572.06,80.37
2017-05-03,659986291.86,94.55
2017-05-04,568228052.45,89.38
2017-05-05,257152061.88,94.82
2017-05-06,323172361,90.46
2017-05-07,403455580.44,86.82
2017-05-08,667157813.32,85.74
2017-05-09,254765963.49,86.21
2017-05-10,241410516.86,88.2
2017-05-11,263874211.37,85.15
2017-05-12,145287946.71,87.96
2017-05-13,115325445.87,88.72
2017-05-14,314085038.01,90.32
2017-05-15,274346980.39,87.8
2017-05-16,323245929.36,86.98
2017-05-17,365862698.93,95.88
2017-05-18,1143576800.01,124.38
2017-05-19,532443244.86,121.94
2017-05-20,913577494.68,148.0
2017-05-21,1994149712.68,160.39
2017-05-22,983877923.64,169.5
2017-05-23,1647038124.57,193.03
2017-05-24,1512954102.51,177.33
2017-05-25,1322206419.73,162.83
2017-05-26,1958021809.3,156.63
2017-05-27,1196592109.01,172.86
2017-05-28,1277583717.85,194.17
2017-05-29,2831549280.83,228.58
2017-05-30,2140303171.52,228.64
2017-05-31,1347356384.71,220.7
2017-06-01,803412547.72,222.04
2017-06-02,739729116.4,223.74
2017-06-03,1085743346.13,244.96
2017-06-04,700541584.04,247.75
2017-06-05,1361737580.51,264.26
2017-06-06,785394235.75,255.77
2017-06-07,656802524.07,259.41
2017-06-08,1001702623.87,279.11
2017-06-09,3026231599.93,335.95
2017-06-10,2407805660.69,339.68
2017-06-11,5258143276.01,394.66
2017-06-12,3019091337.29,388.09
2017-06-13,2230749273.47,343.84
2017-06-14,4264898814.13,344.68
2017-06-15,1745931899.59,353.61
2017-06-16,1344778651.47,368.1
2017-06-17,1324548637.61,351.53
2017-06-18,1026607568.8,358.2
2017-06-19,1699528366.8,350.53
2017-06-20,2473701027.51,325.3
2017-06-21,1442707273.4,320.97
2017-06-22,877160258.89,326.85
2017-06-23,857156886.16,304.54
2017-06-24,1604274520.49,279.36
2017-06-25,2835764716.14,253.68
2017-06-26,2614611057.27,286.14
2017-06-27,2893970088.31,315.86
2017-06-28,2052076605.45,292.9
2017-06-29,1444511115.4,280.68
2017-06-30,1552536226.26,261.0
2017-07-01,1659733559.98,283.99
2017-07-02,1149782502.86,276.41
2017-07-03,984289035.8,269.05
2017-07-04,1151000939.2,266.0
2017-07-05,836795070.79,265.88
2017-07-06,991919305.93,240.94
2017-07-07,1066458221.26,245.67
2017-07-08,525416942.96,237.72
2017-07-09,1442247855.97,205.76
2017-07-10,2218954022.1,190.55
2017-07-11,1959471484.32,224.15
2017-07-12,1233389307.71,205.41
2017-07-13,1067345781.37,197.14
2017-07-14,1125074161.28,169.1
2017-07-15,2352114980.97,155.42
2017-07-16,2522712219.11,189.97
2017-07-17,4012609145.89,227.09
2017-07-18,3155103176.43,194.41
2017-07-19,3227795105.62,226.33
2017-07-20,1542946850.32,216.33
2017-07-21,1007253654.33,230.47
2017-07-22,926481681.59,228.32
2017-07-23,612483118.86,225.48
2017-07-24,1640868587.87,203.59
2017-07-25,1105696716.17,202.88
2017-07-26,630676836.57,202.93
2017-07-27,901017023.87,191.21
2017-07-28,1326052287.97,206.14
2017-07-29,896986646.45,196.78
2017-07-30,892307869.93,201.33
2017-07-31,2275723033.63,225.9
2017-08-01,961738006.34,218.12
2017-08-02,823609553.65,224.39
2017-08-03,789345660.9,220.6
2017-08-04,1956508759.95,253.09
2017-08-05,2008638499.83,264.56
2017-08-06,1381958858.47,269.94
2017-08-07,2093812807.4,296.51
2017-08-08,3457240959.05,295.28
2017-08-09,1588855893.92,298.28
2017-08-10,1435961231.52,309.32
2017-08-11,1598206152.6,308.02
2017-08-12,2101837211.97,296.62
2017-08-13,1333365660.21,299.16
2017-08-14,1649192507.57,286.52
2017-08-15,1425383132.41,301.38
2017-08-16,1348271831.91,300.3
2017-08-17,1392966055.7,292.62
2017-08-18,1294982225.43,293.02
2017-08-19,892326511.27,298.2
2017-08-20,3311426411.6,321.85
2017-08-21,1908032204.84,313.37
2017-08-22,1150157177.81,317.4
2017-08-23,1007043638.74,325.28
2017-08-24,1073024548.41,330.06
2017-08-25,729405591.2,332.86
2017-08-26,908910146.2,347.88
2017-08-27,1231651442,347.66
2017-08-28,1841002557.47,372.35
2017-08-29,1896017912.16,383.86
2017-08-30,992844623.56,388.33
2017-08-31,1296099777.17,391.42
2017-09-01,2200133063.66,351.03
2017-09-02,1451199954.18,352.45
2017-09-03,2742121710.56,303.7
2017-09-04,2195215696.7,317.94
2017-09-05,1546484866.4,338.92
2017-09-06,1106657122.08,335.37
2017-09-07,1659602652.49,306.72
2017-09-08,810102700.18,303.79
2017-09-09,1087368866.11,299.21
2017-09-10,876387028.34,297.95
2017-09-11,1137759148,294.1
2017-09-12,1478805275.08,275.84
2017-09-13,1840026620.55,223.14
2017-09-14,3029623859.46,259.57
2017-09-15,1220957002.38,254.49
2017-09-16,730721248.82,258.4
2017-09-17,1957860517.93,297.53
2017-09-18,1139026666.43,283.0
2017-09-19,733279195.77,283.56
2017-09-20,1098674648.18,257.77
2017-09-21,789706502.21,262.94
2017-09-22,820264990.76,286.14
2017-09-23,1035888640.74,282.6
2017-09-24,885913621.9,294.89
2017-09-25,602235551.74,288.64
2017-09-26,989452233.39,309.97
2017-09-27,911500796.14,302.77
2017-09-28,977339656.43,292.58
2017-09-29,585781302.46,302.77
2017-09-30,559727733.49,303.95
2017-10-01,614960449.04,296.81
2017-10-02,572037089.37,291.81
2017-10-03,460970625.73,291.68
2017-10-04,429751854,294.99
2017-10-05,540216165.51,308.33
2017-10-06,616391524.04,311.26
2017-10-07,511323170.01,309.49
2017-10-08,1003793150.8,296.95
2017-10-09,637302673.66,298.46
2017-10-10,438296096.66,302.86
2017-10-11,924564325.4,302.89
2017-10-12,2256076207.77,336.83
2017-10-13,902931252.06,338.81
2017-10-14,1104085935.37,336.58
2017-10-15,1150286810.26,334.23
2017-10-16,842874052.84,316.14
2017-10-17,1007528899.85,313.54
2017-10-18,601743402.64,307.41
2017-10-19,667627366.87,303.08
2017-10-20,686510361.49,299.55
2017-10-21,519246897.71,294.03
2017-10-22,787721248.62,285.27
2017-10-23,1149030811.52,296.5
2017-10-24,518975502.08,296.35
2017-10-25,421214808.97,295.54
2017-10-26,392325072.5,296.36
2017-10-27,394377798.02,293.35
2017-10-28,893518367.62,304.04
2017-10-29,537482797.28,306.8
2017-10-30,638926535.89,303.64
2017-10-31,993733653.39,289.42
2017-11-01,1591621403.24,284.92
2017-11-02,1131105756.79,304.51
2017-11-03,714330587.38,300.04
2017-11-04,634061412.62,295.8
2017-11-05,1139927610.84,296.82
2017-11-06,921434527.64,291.84
2017-11-07,1672537924.61,307.35
2017-11-08,1547351022.87,319.66
2017-11-09,1520480756.51,296.86
2017-11-10,1373707309.41,314.23
2017-11-11,2444217379.09,306.02
2017-11-12,1522781896.35,314.6
2017-11-13,1677830880.88,334.72
2017-11-14,1206615529.3,331.2
2017-11-15,1334064632.61,330.32
2017-11-16,1024499207.6,331.72
2017-11-17,1076921952.28,346.65
2017-11-18,1833062899.75,354.6
2017-11-19,1367394546.85,367.71
2017-11-20,1551191810.62,360.52
2017-11-21,1303367416.01,380.84
2017-11-22,2862439159.49,406.57
2017-11-23,3291928523.77,470.43
2017-11-24,2208610619.28,464.61
2017-11-25,1679614598.33,470.54
2017-11-26,2101760467.34,475.24
2017-11-27,1942965032.07,466.27
2017-11-28,3646343737.54,427.42
2017-11-29,2582330433.97,434.85
2017-11-30,1825548475.35,461.58
2017-12-01,1566965021.93,457.96
2017-12-02,1596311621.92,462.81
2017-12-03,1592670816.54,466.93
2017-12-04,2015357549.07,453.96
2017-12-05,3428887490.29,422.48
2017-12-06,3624524912.34,421.15
2017-12-07,3992294582.56,451.74
2017-12-08,3394294565.61,472.86
2017-12-09,2300731064.13,436.49
2017-12-10,2888391868.19,513.29
2017-12-11,7718357008.18,656.52
2017-12-12,7244222587.96,699.09
2017-12-13,5748919652,693.58
2017-12-14,4584240705.36,684.27
2017-12-15,3474904273.54,692.83
2017-12-16,3760261213.19,717.71
2017-12-17,5501507160.96,785.99
2017-12-18,6940264597.5,812.5
2017-12-19,6585290705.08,799.17
2017-12-20,5678021826.41,789.39
2017-12-21,8147695865.46,657.83
2017-12-22,3843952289.78,700.44
2017-12-23,3626362348.63,675.91
2017-12-24,3626978098.67,723.14
2017-12-25,3346671928.02,753.48
2017-12-26,3176740523.56,739.94
2017-12-27,3481233063.45,716.69
2017-12-28,3770553539.66,739.6
2017-12-29,4703422442.4,692.99
2017-12-30,3547312048.52,741.27
2017-12-31,3614787289.28,757.22
2018-01-01,7664659789.14,861.97
2018-01-02,7170017492.27,941.1
2018-01-03,8157160118.44,944.83
2018-01-04,9555831551.83,963.88
2018-01-05,6249421787.68,1008.36
2018-01-06,7045278769.26,1117.75
2018-01-07,10429624701.7,1136.11
2018-01-08,10272898085,1289.24
2018-01-09,11586241021.9,1248.99
2018-01-10,9176482064.79,1139.32
2018-01-11,6799536811.5,1261.03
2018-01-12,8292620050.7,1385.02
2018-01-13,6544856646.43,1359.48
2018-01-14,6171283507.26,1278.69
2018-01-15,10946607318.95,1050.26
2018-01-16,12060164228.73,1024.69
2018-01-17,8397178571.73,1012.97
2018-01-18,5618097181.63,1037.36
2018-01-19,5735443676.43,1150.5
2018-01-20,4866704790.08,1049.09
2018-01-21,5696811569.26,999.64
2018-01-22,5295081269.62,984.47
2018-01-23,5488406236.27,1061.78
2018-01-24,5003390125.91,1046.37
2018-01-25,5016330813.29,1048.58
2018-01-26,4255925842.2,1109.08
2018-01-27,6654294107.43,1231.58
2018-01-28,4789066962.52,1169.96
2018-01-29,5650737673.53,1063.75
2018-01-30,5082997315.91,1111.31
2018-01-31,7279339238.38,1026.19
2018-02-01,9435452194.49,917.47
2018-02-02,4660948560.09,970.87
2018-02-03,4295969579.43,827.59
2018-02-04,6219058790.84,695.08
2018-02-05,9484114274.25,785.01
2018-02-06,5605511839.68,751.81
2018-02-07,4140538635.78,813.55
2018-02-08,3930050141.54,877.88
2018-02-09,4198541080.69,850.75
2018-02-10,3464334612.21,811.24
2018-02-11,3149342696.23,865.27
2018-02-12,2898776560.63,840.98
2018-02-13,4122623970.3,920.11
2018-02-14,4269400589.49,927.95
2018-02-15,3384250240.2,938.02
2018-02-16,3530557664.24,974.77
2018-02-17,3486663620.12,913.9
2018-02-18,2997382766.3,939.79
2018-02-19,3705380576.23,885.52
2018-02-20,3838538109.63,840.1
2018-02-21,3262937402.51,804.63
2018-02-22,3543787832.28,854.7
2018-02-23,2830319983.47,833.49
2018-02-24,2430724818.42,840.28
2018-02-25,2897898501.75,867.62
2018-02-26,2963289538.81,871.1
2018-02-27,2813890475.31,853.31
2018-02-28,2682927141.54,872.05
2018-03-01,2684837040.66,857.06
2018-03-02,2375152436.99,855.89
2018-03-03,2350719412.9,867.2
2018-03-04,2632240532.4,845.58
2018-03-05,2778583996.35,815.14
2018-03-06,3221679419.64,751.13
2018-03-07,2606989801.49,698.83
2018-03-08,3240321107.14,726.92
2018-03-09,2132397928.14,682.3
2018-03-10,2187624992.26,720.36
2018-03-11,2531064225.75,697.02
2018-03-12,2036204011.44,689.96
2018-03-13,2535120860.2,613.15
2018-03-14,2671869888.12,610.56
2018-03-15,2144063569.33,600.53
2018-03-16,1911251575.16,549.79
2018-03-17,4340999742.78,537.38
2018-03-18,3218146507.1,555.55
2018-03-19,2880798664.19,557.57
2018-03-20,2721320281.85,559.91
2018-03-21,2297806884.26,539.89
2018-03-22,2384494768.61,543.83
2018-03-23,1929740507.27,520.16
2018-03-24,1734842982.67,523.01
2018-03-25,2463520778.7,486.25
2018-03-26,2405486286.22,448.78
2018-03-27,2156820734.7,445.93
2018-03-28,3034530290.45,383.9
2018-03-29,2986692139.93,393.82
2018-03-30,1992808758.63,394.07
2018-03-31,1897057081.5,378.85
2018-04-01,1645950303.97,384.68
2018-04-02,2079655444.52,415.93
2018-04-03,1888966908.1,378.65
2018-04-04,1799751149.68,381.36
2018-04-05,1424671509.13,370.35
2018-04-06,1382228399.95,384.98
2018-04-07,1353778903.66,400.72
2018-04-08,2173827609.91,399.02
2018-04-09,1685583167.24,415.65
2018-04-10,2061928154.92,430.42
2018-04-11,3755251165.44,493.95
2018-04-12,3543734493.77,494.96
2018-04-13,2047738721.66,502.79
2018-04-14,2308200430.75,534.15
2018-04-15,2346028025.69,511.67
2018-04-16,2277846447.62,503.03
2018-04-17,2164539290.39,525.78
2018-04-18,2901918422.33,567.25
2018-04-19,3727973167.71,617.16
2018-04-20,3194120949.81,605.17
2018-04-21,2970365744.29,621.33
2018-04-22,2684887458.56,644.13
2018-04-23,4463765852.04,703.35
2018-04-24,5419728091.1,617.73
2018-04-25,3723560319.77,661.45
2018-04-26,3071213429.09,643.33
2018-04-27,2975672041.06,683.02
2018-04-28,3298227589.78,689.31
2018-04-29,3501310013.85,670.04
2018-04-30,3391658553.46,670.81
2018-05-01,3069289495.06,686.74
2018-05-02,5987590328.09,777.62
2018-05-03,4880983886.85,784.21
2018-05-04,4207615536.64,816.58
2018-05-05,4188350693.25,790.39
2018-05-06,5925839303.74,752.4
2018-05-07,3852354380.01,747.79
2018-05-08,3709270463.42,751.27
2018-05-09,3521007647.01,723.61
2018-05-10,4570160334.63,677.8
2018-05-11,3714817648,683.64
2018-05-12,3507469132.57,729.34
2018-05-13,4215437077.23,727.41
2018-05-14,3396648219.27,705.64
2018-05-15,3221004344.59,706.72
2018-05-16,3053084226.17,668.38
2018-05-17,3114247990.63,693.57
2018-05-18,2629782177.56,696.05
2018-05-19,2477992962.13,715.15
2018-05-20,2491355048.23,699.84
2018-05-21,2806635597.49,640.84
2018-05-22,3803524501.11,577.01
2018-05-23,3489755321.22,602.59
2018-05-24,2507610971.3,584.77
2018-05-25,1929173410.02,585.76
2018-05-26,2150700360.09,569.64
2018-05-27,2937948145.55,512.03
2018-05-28,3030561016.44,566.59
2018-05-29,2454824345.84,557.12
2018-05-30,6.149344148348178e+26,577.23
2018-05-31,2456211013.89,579.01
2018-06-01,2488593006.98,590.53
2018-06-02,2854703090,619.04
2018-06-03,3038042097.22,591.31
2018-06-04,3207180915.2,608.23
2018-06-05,3026290724.97,606.3
2018-06-06,3249458306.22,604.44
2018-06-07,2791521321.82,600.67
2018-06-08,2029359595.75,594.86
2018-06-09,3063774727.99,524.74
2018-06-10,2740183016.86,531.15
2018-06-11,2716141587.74,494.53
2018-06-12,3006739795.9,476.3
2018-06-13,3617894354.04,519.83
2018-06-14,2567733563.75,487.51
2018-06-15,1869213475.88,497.22
2018-06-16,1786398033.52,496.93
2018-06-17,2159066662.59,517.63
2018-06-18,2512065423.49,538.45
2018-06-19,2231102866.59,536.16
2018-06-20,2035853986.59,525.76
2018-06-21,2823331137.29,462.16
2018-06-22,1825546222.14,474.18
2018-06-23,2681967024.52,455.25
2018-06-24,2205467212.5,458.82
2018-06-25,1954364772.13,429.58
2018-06-26,2028967013.5,441.75
2018-06-27,1997758804.86,420.72
2018-06-28,2818962621.96,435.25
2018-06-29,2863686666.73,453.42
2018-06-30,3316760401.31,451.09
2018-07-01,3853901171.67,476.58
2018-07-02,3635535122.17,461.95
2018-07-03,2923265102.82,467.19
2018-07-04,3332778356.84,467.55
2018-07-05,3053618185.26,469.93
2018-07-06,2928645077.36,485.81
2018-07-07,2839226341.11,486.19
2018-07-08,39884599357.74,471.48
2018-07-09,2827669939.69,432.69
2018-07-10,2350601788.91,445.59
2018-07-11,2956774417.16,431.12
2018-07-12,3182916758.86,432.97
2018-07-13,2728866603.85,434.42
2018-07-14,2716578186.61,450.34
2018-07-15,3532646527.8,480.2
2018-07-16,4250165487.25,499.83
2018-07-17,4388857597.27,479.85
2018-07-18,3609643300.86,468.91
2018-07-19,3608027396.24,449.13
2018-07-20,2796845468.49,461.13
2018-07-21,2506045776.87,457.98
2018-07-22,2963342958.28,449.73
2018-07-23,3916628218.52,478.39
2018-07-24,3436521794.23,471.99
2018-07-25,2929205031.52,462.98
2018-07-26,2842243061.33,469.94
2018-07-27,3289376001.56,468.75
2018-07-28,3111324685.47,466.3
2018-07-29,3422265814.88,456.22
2018-07-30,3025421720.04,431.71
2018-07-31,3012644699.22,419.87
2018-08-01,2894224079.65,411.36
2018-08-02,2966111553.2,417.76
2018-08-03,2452772419.98,407.32
2018-08-04,2386988741.55,409.37
2018-08-05,2400469404.2,405.7
2018-08-06,3066595755.62,378.32
2018-08-07,3145678358.66,355.57
2018-08-08,2899196488.5,364.33
2018-08-09,3020680583.76,332.28
2018-08-10,3238308749.32,318.62
2018-08-11,2676058262.66,318.55
2018-08-12,2835290997.46,284.03
2018-08-13,3529186262.04,278.31
2018-08-14,2983344753.62,281.24
2018-08-15,2441543459.87,286.8
2018-08-16,3147413862.26,317.57
2018-08-17,2653139570.42,294.85
2018-08-18,2386398068.84,300.53
2018-08-19,2215329576.52,271.61
2018-08-20,2134781882.48,281.78
2018-08-21,2512954567.93,270.37
2018-08-22,2117383593.45,276.66
2018-08-23,2643091867.74,282.04
2018-08-24,2199867889.72,278.22
2018-08-25,2502440440.52,274.81
2018-08-26,2778531905.51,287.9
2018-08-27,2870053640.02,296.21
2018-08-28,2799143490.48,289.2
2018-08-29,2963996932.81,284.57
2018-08-30,2679795193.88,282.06
2018-08-31,2641020034.08,295.77
2018-09-01,2489787281.61,295.12
2018-09-02,2624394630.12,289.42
2018-09-03,2651821970.76,285.73
2018-09-04,3079742061.39,228.27
2018-09-05,3306371262.39,229.52
2018-09-06,2554032327.68,215.69
2018-09-07,2409074899.69,197.23
2018-09-08,2542481254.95,195.99
2018-09-09,2393169126.98,197.2
2018-09-10,2426459112.93,185.15
2018-09-11,2951110795.6,183.03
2018-09-12,3605772586.79,211.27
2018-09-13,3386833650.29,208.87
2018-09-14,2574070077.21,221.63
2018-09-15,2256293515.63,220.12
2018-09-16,3081132971.71,196.04
2018-09-17,2871325738.23,208.39
2018-09-18,2515201294.57,209.78
2018-09-19,2769405463.67,224.76
2018-09-20,4373880945.92,247.69
2018-09-21,2911140933.85,240.79
2018-09-22,2604123342.85,244.51
2018-09-23,2790349521.83,228.05
2018-09-24,3529583919.26,219.2
2018-09-25,2550698026.24,214.21
2018-09-26,3085448313.31,229.09
2018-09-27,3030935506.93,221.56
2018-09-28,3020416905.25,231.32
2018-09-29,2670198508.36,232.82
2018-09-30,2344308721.92,230.96
2018-10-01,2333780273.28,225.59
2018-10-02,2550124296.41,220.02
2018-10-03,2252564096.62,222.2
2018-10-04,2287059930.06,228.17
2018-10-05,2070972441.1,225.05
2018-10-06,2038776460.25,226.02
2018-10-07,2252627257.88,229.23
2018-10-08,2107740672.18,227.67
2018-10-09,57926200840.6,225.2
2018-10-10,3078000159.94,189.83
2018-10-11,2253710570.52,195.71
2018-10-12,1725045801.66,199.3
2018-10-13,1735040115.38,194.92
2018-10-14,4099517721.22,210.8
2018-10-15,2296118191.64,209.67
2018-10-16,2197325197.38,207.75
2018-10-17,1818393702.98,202.25
2018-10-18,1613885434.65,203.01
2018-10-19,1506012413.98,204.97
2018-10-20,1575379172.25,205.0
2018-10-21,2628419302.06,203.64
2018-10-22,1628031344.01,203.29
2018-10-23,1546095644.76,202.58
2018-10-24,1565838882.16,201.7
2018-10-25,1573831276.06,202.43
2018-10-26,1319688565.28,203.29
2018-10-27,1381344643.39,204.54
2018-10-28,2175200759.66,195.92
2018-10-29,3324579123.69,196.65
2018-10-30,1.3391759382380804e+21,198.02
2018-10-31,2015443411.12,198.97
2018-11-01,1935815589.67,201.11
2018-11-02,1781174197.39,199.9
2018-11-03,2483416965.12,211.54
2018-11-04,2168740151.59,209.55
2018-11-05,2713992672.15,219.34
2018-11-06,2967166372.51,217.44
2018-11-07,2597590869.69,211.69
2018-11-08,2210838102.4,209.52
2018-11-09,1946208081.92,212.04
2018-11-10,2094652769.29,211.66
2018-11-11,1992636619.97,210.31
2018-11-12,64062783238366940000,205.9
2018-11-13,4030447548.31,182.72
2018-11-14,3935209019.15,181.53
2018-11-15,2913602383.74,174.96
2018-11-16,2486963931.01,174.47
2018-11-17,2542866706.52,177.39
2018-11-18,3928516080.74,148.22
2018-11-19,4582206362.87,130.74
2018-11-20,3723855525.39,136.5
2018-11-21,2541591469.42,125.08
2018-11-22,2954719564.7,123.37
2018-11-23,2452116149.56,112.66
2018-11-24,3704116882.6,116.75
2018-11-25,2579379133.27,108.87
2018-11-26,3001671853.95,109.87
2018-11-27,3536310225.72,122.88
2018-11-28,2667718737.31,117.76
2018-11-29,2735320307.11,112.91
2018-11-30,2570004848.4,118.24
2018-12-01,2264643963.41,116.24
2018-12-02,3682241124.31,108.32
2018-12-03,2116354817.29,109.77
2018-12-04,2294997631.36,101.85
2018-12-05,2856716042.29,90.43
2018-12-06,3556398250.72,93.61
2018-12-07,2682555508.23,91.68
2018-12-08,2466996507.76,94.49
2018-12-09,2194412576.71,90.77
2018-12-10,2353093500.29,88.32
2018-12-11,2060684010.13,90.38
2018-12-12,2022918376.03,86.4
2018-12-13,1976007348.65,84.12
2018-12-14,1705964554.88,84.3
2018-12-15,1834571762.43,85.39
2018-12-16,2646665095.24,95.06
2018-12-17,2841178804.89,101.93
2018-12-18,3137821285.66,100.63
2018-12-19,3719875113.18,116.43
2018-12-20,3178942775.7,109.4
2018-12-21,2749079791.03,117.72
2018-12-22,4549184344.44,131.45
2018-12-23,5484828711.89,140.87
2018-12-24,4208498758.4,130.99
2018-12-25,3251981675.94,131.71
2018-12-26,2853262828.89,116.72
2018-12-27,3965058494.99,139.73
2018-12-28,3657449643.39,137.04
2018-12-29,3152505644.71,141.04
2018-12-30,2547907207.13,133.14
2018-12-31,2505214103.6,141.9
2019-01-01,3964181605.32,156.1
2019-01-02,3025018494.52,149.1
2019-01-03,3434946356.58,156.04
2019-01-04,3623815214.18,156.22
2019-01-05,3167292282.14,158.29
2019-01-06,2676225415.29,152.25
2019-01-07,5466036350.61,150.68
2019-01-08,2495371611.25,151.21
2019-01-09,3827118257.77,127.96
2019-01-10,2782599867.7,126.99
2019-01-11,2182085588.54,126.05
2019-01-12,2183961305.58,116.66
2019-01-13,2953246220.91,129.71
2019-01-14,2796656205.59,121.38
2019-01-15,2696556440.64,123.31
2019-01-16,2492961833.86,124.05
2019-01-17,2091078355.05,120.79
2019-01-18,2397189486.43,124.8
2019-01-19,2488786630.12,118.48
2019-01-20,2161615836.61,117.12
2019-01-21,2207930673.14,118.83
2019-01-22,2005310425.26,117.09
2019-01-23,2101792420.4,117.28
2019-01-24,2094747636.83,115.73
2019-01-25,1987135565.72,116.38
2019-01-26,2333324715.51,112.59
2019-01-27,3186022521.18,106.02
2019-01-28,2357877412.45,104.74
2019-01-29,814895195544.58,108.52
2019-01-30,312913054020.6,106.46
2019-01-31,1953357788.67,106.72
2019-02-01,1747195996.44,110.56
2019-02-02,1872534631.87,107.04
2019-02-03,1881556014.73,106.61
2019-02-04,1850221924.5,106.57
2019-02-05,2011768298.47,104.26
2019-02-06,1790099692,103.69
2019-02-07,3258018550.44,119.24
2019-02-08,2309105490.48,118.84
2019-02-09,2766155293.68,125.22
2019-02-10,2843255665.43,120.26
2019-02-11,2594898977.24,121.87
2019-02-12,2822361371.37,121.73
2019-02-13,2662650495.54,120.44
2019-02-14,2857806129.65,120.71
2019-02-15,2534856655.27,122.62
2019-02-16,3867618052.51,133.99
2019-02-17,5398379025.61,146.29
2019-02-18,4904237942.36,144.06
2019-02-19,4637635460.48,148.87
2019-02-20,3938712174.17,145.55
2019-02-21,3559805140.2,148.19
2019-02-22,4769745695.32,158.99
2019-02-23,5921225944.3,133.21
2019-02-24,5002434776.79,138.52
2019-02-25,3757908637.83,136.68
2019-02-26,4502853407.02,135.45
2019-02-27,4521717463.1,135.69
2019-02-28,3321160833.48,135.56
2019-03-01,3630323459.83,133.23
2019-03-02,3656671208.69,130.72
2019-03-03,4667067909.55,126.19
2019-03-04,5114706524.23,137.26
2019-03-05,4801646209.01,137.83
2019-03-06,4434151430.01,137.09
2019-03-07,4401072599.21,133.72
2019-03-08,4745860789.83,137.46
2019-03-09,4337067164.2,135.89
2019-03-10,4746774783.51,132.75
2019-03-11,4794835569.3,133.69
2019-03-12,4221997297.49,132.14
2019-03-13,4503279878.62,132.28
2019-03-14,4719326473.99,136.66
2019-03-15,4900585249.75,141.71
2019-03-16,3739864580.49,139.21
2019-03-17,4645264066.45,137.66
2019-03-18,4079161439.4,138.83
2019-03-19,4584984420,139.51
2019-03-20,5165290138.82,135.34
2019-03-21,4454579675,136.47
2019-03-22,4116133695.47,137.25
2019-03-23,4778129814.54,136.2
2019-03-24,5456815394.99,133.55
2019-03-25,5867830024.2,134.0
2019-03-26,5939180042.74,139.71
2019-03-27,5272713589.73,138.17
2019-03-28,5897770542.25,143.49
2019-03-29,5627399782.53,142.57
2019-03-30,4473087168.06,141.81
2019-03-31,4928247255.87,141.52
2019-04-01,10397124237.79,165.02
2019-04-02,12308904950.88,161.19
2019-04-03,9014942013.03,157.77
2019-04-04,7530832353.27,166.31
2019-04-05,7213060667.81,165.98
2019-04-06,7919000515.59,175.23
2019-04-07,10177710702.36,180.74
2019-04-08,8220758224.75,176.27
2019-04-09,8676438182.96,177.43
2019-04-10,8020983124.13,165.14
2019-04-11,6288372334.13,164.34
2019-04-12,4720437872.02,164.11
2019-04-13,4994148466.57,168.19
2019-04-14,5808675448.37,160.29
2019-04-15,5259739781.75,166.65
2019-04-16,5455418374.09,166.83
2019-04-17,6719546608.27,174.19
2019-04-18,6578826793.73,173.91
2019-04-19,5795850874.91,173.95
2019-04-20,5861978662.87,170.1
2019-04-21,5999761284.97,171.77
2019-04-22,6667696931.69,170.6
2019-04-23,6941312418.1,166.04
2019-04-24,6414105387.93,152.97
2019-04-25,6860221851.56,155.61
2019-04-26,5002230868.29,157.09
2019-04-27,4855139350.38,156.75
2019-04-28,5728275255.95,155.1
2019-04-29,5795167087.47,162.66
2019-04-30,4943931152.78,160.45
2019-05-01,5136497788.57,162.05
2019-05-02,6424760559.6,167.42
2019-05-03,5591245571.67,163.87
2019-05-04,4661555870.38,163.45
2019-05-05,7053482363.01,173.08
2019-05-06,7907909355.54,168.36
2019-05-07,5454115342.99,171.26
2019-05-08,5745435661.5,170.41
2019-05-09,7497239093.36,172.44
2019-05-10,13022439696.33,192.73
2019-05-11,10448413966.22,188.19
2019-05-12,9378761535.16,196.02
2019-05-13,11768097378.86,217.3
2019-05-14,14138277938.09,248.62
2019-05-15,19546661281.15,264.57
2019-05-16,15145148238.77,244.75
2019-05-17,8425288690.8,234.04
2019-05-18,9890511603.68,260.71
2019-05-19,8662127273.79,252.43
2019-05-20,7783864243.69,254.73
2019-05-21,7675862912.93,243.6
2019-05-22,8940729980.63,245.51
2019-05-23,7394944248.64,249.65
2019-05-24,6533687020.3,251.61
2019-05-25,8180337638.76,267.98
2019-05-26,9397133325.11,271.9
2019-05-27,7625135110.05,271.16
2019-05-28,6917735877.61,269.38
2019-05-29,10835508726.09,254.66
2019-05-30,8444396221.07,267.81
2019-05-31,6693392841.59,264.63
2019-06-01,5523951935.77,269.3
2019-06-02,6440234292.05,249.85
2019-06-03,7624947105.47,241.0
2019-06-04,5415060782.79,246.2
2019-06-05,5195501340.38,249.45
2019-06-06,5110923151.4,249.68
2019-06-07,4115873732.95,244.52
2019-06-08,5242661050.46,231.44
2019-06-09,5752274577.14,247.93
2019-06-10,4901285993.28,245.28
2019-06-11,6862404241,262.96
2019-06-12,6103988029.04,255.22
2019-06-13,6131581860.21,263.77
2019-06-14,5526853561.93,269.06
2019-06-15,6805157520.63,268.48
2019-06-16,6254074586.59,274.01
2019-06-17,6250018239.39,264.55
2019-06-18,5125190505.29,268.95
2019-06-19,6096624751.25,271.9
2019-06-20,10353639390.29,295.94
2019-06-21,10710201094.26,309.57
2019-06-22,7658646307.76,307.22
2019-06-23,7197795171.15,311.1
2019-06-24,8694362209.86,316.17
2019-06-25,16901689099.25,334.45
2019-06-26,14540139147.55,293.91
2019-06-27,9829623913.26,309.62
2019-06-28,9183621050.74,317.78
2019-06-29,9195361515.87,290.55
2019-06-30,9235218820.35,294.14
2019-07-01,9061287787.91,291.6
2019-07-02,8279068581.94,302.18
2019-07-03,6719093331.63,282.93
2019-07-04,6716664165.18,288.02
2019-07-05,6067144660.88,287.97
2019-07-06,6957930774.9,306.48
2019-07-07,7617273504.1,313.18
2019-07-08,7899517948.67,308.14
2019-07-09,9968274157.93,288.81
2019-07-10,9178093576.01,268.49
2019-07-11,6545169861.04,275.47
2019-07-12,5859281999.6,268.99
2019-07-13,8003274303.27,226.64
2019-07-14,9422304415.91,228.18
2019-07-15,9604432137.25,198.65
2019-07-16,8174098258.04,211.38
2019-07-17,8145511967.58,225.85
2019-07-18,6570169173.86,221.3
2019-07-19,6963200583.49,228.75
2019-07-20,6163552429.12,225.39
2019-07-21,31897309025.24,217.15
2019-07-22,6411907892.25,211.86
2019-07-23,6820106782.82,216.55
2019-07-24,5747827436.06,219.09
2019-07-25,5346484001.79,219.3
2019-07-26,5177058932.75,207.2
2019-07-27,4566967650.75,211.13
2019-07-28,4695607189.11,210.86
2019-07-29,4618992373.53,210.14
2019-07-30,5147312116.8,218.63
2019-07-31,4663166752.83,217.56
2019-08-01,5010962059.33,217.74
2019-08-02,4441942419.64,222.14
2019-08-03,4476370301.78,222.76
2019-08-04,6862040114.79,233.33
2019-08-05,6345759213.4,226.02
2019-08-06,5417912436,226.07
2019-08-07,5185197484.1,221.08
2019-08-08,5839560826.41,210.37
2019-08-09,5519044795.54,206.0
2019-08-10,5133688189.91,216.2
2019-08-11,4788714219.76,211.35
2019-08-12,4948234417.29,208.74
2019-08-13,6077735189.95,186.49
2019-08-14,6700788978.19,188.13
2019-08-15,5429453088.63,185.35
2019-08-16,4318106419.93,185.61
2019-08-17,4706435236.63,194.75
2019-08-18,4608919642.68,202.39
2019-08-19,4871895348.41,196.78
2019-08-20,5816344048.28,187.23
2019-08-21,5276932443.57,190.46
2019-08-22,4768491086.95,194.47
2019-08-23,4369126332.78,191.02
2019-08-24,4168998321.84,186.61
2019-08-25,4923471232.99,188.43
2019-08-26,4094324826.71,187.13
2019-08-27,5145221984,172.97
2019-08-28,5184522971.06,168.97
2019-08-29,4313823804.1,168.54
2019-08-30,4844479722.58,172.18
2019-08-31,4762463810.3,171.34
2019-09-01,5519227388.67,178.77
2019-09-02,5290626134.73,179.03
2019-09-03,4285927332.87,174.97
2019-09-04,4388788620.22,173.65
2019-09-05,5343474348.2,169.08
2019-09-06,5400734196.57,178.15
2019-09-07,5267154500.16,181.74
2019-09-08,5568606718.34,180.72
2019-09-09,4632977852.33,179.95
2019-09-10,5623093747.84,178.29
2019-09-11,3999143117.51,181.05
2019-09-12,4164707636.04,181.52
2019-09-13,5002448424.82,188.65
2019-09-14,4560478400.2,189.24
2019-09-15,6288390556.97,197.63
2019-09-16,7631281529.64,207.85
2019-09-17,6426590728.87,210.38
2019-09-18,8002225557.63,221.04
2019-09-19,5781838875.06,218.18
2019-09-20,5358937040.78,215.25
2019-09-21,5750208383.52,211.28
2019-09-22,5506873669.07,200.97
2019-09-23,9169411543.87,166.66
2019-09-24,7106630318.18,170.38
2019-09-25,6106119763.58,166.1
2019-09-26,5987603952.62,174.28
2019-09-27,5190413384.66,173.93
2019-09-28,4697722622.74,169.69
2019-09-29,5888917715.04,181.34
2019-09-30,5445106561.44,176.44
2019-10-01,4354896679.81,181.09
2019-10-02,4219045320.76,175.15
2019-10-03,4172414331.42,176.1
2019-10-04,3425910351.4,177.1
2019-10-05,3442843730.19,170.35
2019-10-06,5386317455.02,180.4
2019-10-07,4850247653,181.04
2019-10-08,6564508175.51,193.43
2019-10-09,5415899120.41,191.96
2019-10-10,5985761180.28,180.88
2019-10-11,4380819893.3,180.06
2019-10-12,4044521824.56,181.52
2019-10-13,5037288405.46,187.1
2019-10-14,5164404701.34,180.72
2019-10-15,4935439104.28,174.95
2019-10-16,4212315062.95,177.41
2019-10-17,4936705776.99,173.4
2019-10-18,4100428363.84,172.31
2019-10-19,4421585157.3,175.83
2019-10-20,4415826309.04,174.33
2019-10-21,4498500834.96,171.38
2019-10-22,6576453241.22,162.53
2019-10-23,4652543523.65,161.02
2019-10-24,7981058133.3,181.66
2019-10-25,9884145218.65,179.9
2019-10-26,7696303999.86,184.23
2019-10-27,6896865076.72,182.14
2019-10-28,7608410476.88,191.02
2019-10-29,7219534344.71,183.31
2019-10-30,6589273148.11,182.51
2019-10-31,5960036144.74,183.45
2019-11-01,5139646555.71,183.26
2019-11-02,5100650051.73,182.03
2019-11-03,6711091188.54,186.26
2019-11-04,7561919941.08,188.99
2019-11-05,7390092521.81,191.25
2019-11-06,162196227545.2,186.47
2019-11-07,214675649223.16,183.6
2019-11-08,6398578081.09,185.18
2019-11-09,7591891979.12,189.33
2019-11-10,6658540080.96,184.74
2019-11-11,6409583563.05,187.06
2019-11-12,5992485546.29,188.02
2019-11-13,18473000006064497000,184.73
2019-11-14,6636302575.7,179.96
2019-11-15,4962634833.41,182.64
2019-11-16,5460236961.22,184.1
2019-11-17,5878161597.68,178.14
2019-11-18,5138466986.38,175.93
2019-11-19,5090803417.34,174.66
2019-11-20,7070777736.46,161.12
2019-11-21,10050191028,150.0
2019-11-22,6245400339.21,152.44
2019-11-23,5406735466.72,140.47
2019-11-24,8334135631.16,146.33
2019-11-25,5501702874.25,147.7
2019-11-26,6683584210.72,153.04
2019-11-27,5093244293.37,151.23
2019-11-28,5563629950.62,155.08
2019-11-29,4758314286.21,152.04
2019-11-30,5262675195.9,151.23
2019-12-01,4620175325.95,149.2
2019-12-02,4100061983.76,147.66
2019-12-03,4991279673.48,145.67
2019-12-04,4730230450.51,148.36
2019-12-05,4367805148.82,149.06
2019-12-06,4087355354.39,147.52
2019-12-07,4584137126.29,150.94
2019-12-08,4744338238.18,147.53
2019-12-09,4928021517.43,145.76
2019-12-10,4633879063.29,143.37
2019-12-11,4812183158.98,144.85
2019-12-12,4479262652.56,144.87
2019-12-13,4254242674.68,142.03
2019-12-14,4250717494.27,142.72
2019-12-15,6456186827.8,132.91
2019-12-16,5506122077.07,122.23
2019-12-17,8111826200.5,133.13
2019-12-18,5289181171.29,128.22
2019-12-19,4480831226.76,128.44
2019-12-20,3597508588.7,127.44
2019-12-21,5296566914.25,132.31
2019-12-22,5622443484.16,128.0
2019-12-23,4551281114.31,127.86
2019-12-24,4627964754.32,124.97
2019-12-25,5094022059.35,125.62
2019-12-26,4306338518.09,126.36
2019-12-27,3971231530.9,128.18
2019-12-28,5559831006.72,134.67
2019-12-29,4996000974.07,131.45
2019-12-30,4644256505.97,129.02
2019-12-31,3819124430.65,130.57
2020-01-01,4131289574.99,127.05
2020-01-02,6397818330.28,134.24
2020-01-03,4264569259.06,134.2
2020-01-04,4952637073.41,135.5
2020-01-05,6544384472.48,144.15
2020-01-06,6317732535.78,142.89
2020-01-07,6560645568.25,140.47
2020-01-08,5257593857.41,137.74
2020-01-09,6447513631.23,144.8
2020-01-10,6076452541.39,142.52
2020-01-11,4914391066.74,146.37
2020-01-12,4502258306.19,143.49
2020-01-13,13048947007.48,165.66
2020-01-14,9682644625.21,166.04
2020-01-15,7648250346.94,164.1
2020-01-16,9864189263.8,169.98
2020-01-17,9478673134.23,173.91
2020-01-18,8313490203.44,166.92
2020-01-19,5876191243.95,166.64
2020-01-20,5831587822.25,169.09
2020-01-21,5406887088.48,167.97
2020-01-22,6503973326.76,162.51
2020-01-23,6746120731.9,162.4
2020-01-24,4332836752.55,160.66
2020-01-25,5214953225.25,167.66
2020-01-26,7058408631.31,169.7
2020-01-27,7874336990.6,175.82
2020-01-28,6814594985.61,173.47
2020-01-29,8674212208.83,184.42
2020-01-30,7690893625.54,179.65
2020-01-31,6858275455.47,183.65
2020-02-01,9596458078.06,188.37
2020-02-02,7851415674.05,189.68
2020-02-03,9096281613.04,188.39
2020-02-04,10365964968.07,203.86
2020-02-05,11609872767.87,212.87
2020-02-06,11371139603.5,223.24
2020-02-07,11451630916.88,223.21
2020-02-08,9247150987.28,228.65
2020-02-09,10579486540.9,223.19
2020-02-10,12532542413.93,237.74
2020-02-11,19778830351.8,265.94
2020-02-12,20750761151.7,268.52
2020-02-13,18449254740.56,285.64
2020-02-14,17981740642.34,264.67
2020-02-15,19485566665.88,259.95
2020-02-16,20842454396.48,267.5
2020-02-17,20879976324.51,283.08
2020-02-18,15603840044.49,258.79
2020-02-19,16716483018.31,257.71
2020-02-20,14580673552.13,265.62
2020-02-21,10346775636.91,262.1
2020-02-22,13138036216.29,275.58
2020-02-23,14021382799.32,265.86
2020-02-24,15222331440.11,246.79
2020-02-25,19543733029.31,223.97
2020-02-26,20104927381.99,227.59
2020-02-27,16911871035.94,227.75
2020-02-28,12265110904.29,217.91
2020-02-29,12857623357.5,218.27
2020-03-01,14925577066.23,232.09
2020-03-02,14187301253.51,223.96
2020-03-03,11386686071.44,224.87
2020-03-04,12480680194.61,228.78
2020-03-05,13639382206.57,245.68
2020-03-06,13375879994.03,237.64
2020-03-07,15011948978.25,199.75
2020-03-08,17636381935.14,203.06
2020-03-09,13319696346.33,200.6
2020-03-10,12748783201.42,194.82
2020-03-11,15804937951.1,110.23
2020-03-12,22665218690.32,135.18
2020-03-13,9456723947.19,122.7
2020-03-14,9491860780.97,123.64
2020-03-15,12602512926.55,111.34
2020-03-16,9189259284.24,116.2
2020-03-17,9236955623.94,118.6
2020-03-18,13199545423.68,136.81
2020-03-19,15156946890.03,133.31
2020-03-20,10788022861.74,132.83
2020-03-21,9400722171.68,122.51
2020-03-22,11027389336.25,136.64
2020-03-23,10874250614.59,139.0
2020-03-24,9251902687.49,136.23
2020-03-25,7663737727.23,138.81
2020-03-26,7392536438.67,131.68
2020-03-27,8634252731.23,131.24
2020-03-28,6343704683.39,124.53
2020-03-29,8305601460.56,132.29
2020-03-30,7373231170.68,133.1
2020-03-31,8238311212.65,136.07
2020-04-01,11615598800.12,141.46
2020-04-02,9647083622.17,141.48
2020-04-03,8137561983.25,144.53
2020-04-04,7247519746.23,142.82
2020-04-05,1134399596631.22,171.78
2020-04-06,16710185672.93,164.7
2020-04-07,12690383336.35,173.21
2020-04-08,11202443745.2,169.89
2020-04-09,12993889560.96,158.16
2020-04-10,9192636413.14,158.55
2020-04-11,10112693427.48,158.81
2020-04-12,11757730421.17,156.81
2020-04-13,10370006642.68,158.64
2020-04-14,9602705142.59,152.94
2020-04-15,16367673359.67,172.6
2020-04-16,10821820418.55,170.79
2020-04-17,13925557204.15,187.85
2020-04-18,12988626728.34,180.32
2020-04-19,16105480185.22,170.65
2020-04-20,12137978162.51,171.03
2020-04-21,12776458901.42,183.02
2020-04-22,14605496780.16,185.73
2020-04-23,11337501462.36,187.66
2020-04-24,12281218579.96,194.41
2020-04-25,12106037791.97,197.62
2020-04-26,12927603995.76,196.71
2020-04-27,10986225961.8,196.88
2020-04-28,18554480666.42,215.58
2020-04-29,19515050120.68,206.44
2020-04-30,14349751570,212.16
2020-05-01,11423050566.37,214.11
2020-05-02,13290076991.47,210.12
2020-05-03,15077716063.48,206.76
2020-05-04,12019917714.9,205.43
2020-05-05,13024909939.53,199.08
2020-05-06,16195803099.36,212.3
2020-05-07,13992049497.72,211.46
2020-05-08,13471270771.17,210.19
2020-05-09,18151123785.26,187.72
2020-05-10,14352961504.07,185.77
2020-05-11,10333054582.54,190.1
2020-05-12,10764208501.89,199.86
2020-05-13,848075340780651.4,203.31
2020-05-14,10270214924.89,194.71
2020-05-15,9474840852.04,200.6
2020-05-16,9550526619.13,206.76
2020-05-17,11753115405.51,214.68
2020-05-18,10388861475.76,214.68
2020-05-19,9578486112.24,209.87
2020-05-20,10354873973.76,198.56
2020-05-21,9906606523.46,207.35
2020-05-22,8236340303.87,206.78
2020-05-23,9083597272.97,199.91
2020-05-24,8448950081.08,204.2
2020-05-25,8044607373.44,201.04
2020-05-26,8296492346.72,208.3
2020-05-27,9733079666.87,220.33
2020-05-28,9849459024.22,220.63
2020-05-29,10597483778.55,243.66
2020-05-30,10044344864.93,231.54
2020-05-31,9978445019.19,248.44
2020-06-01,9710732943.1,237.81
2020-06-02,6922368046,244.65
2020-06-03,211563436741263.03,243.35
2020-06-04,8392908882749.16,240.08
2020-06-05,5259993973.89,242.08
2020-06-06,6305703959.14,244.75
2020-06-07,5236706892.54,246.47
2020-06-08,5327538060.72,244.0
2020-06-09,5774125505.05,248.01
2020-06-10,7716318508.26,230.21
2020-06-11,5797687684.74,237.54
2020-06-12,4473064554.61,238.21
2020-06-13,4608244253.45,231.61
2020-06-14,7176319754.26,230.98
2020-06-15,5539627556.21,235.35
2020-06-16,5710210678.92,233.74
2020-06-17,5110534114.52,231.14
2020-06-18,4925102458.49,228.83
2020-06-19,4257718756.85,228.93
2020-06-20,3939388758.18,227.95
2020-06-21,6745635368.19,243.3
2020-06-22,5025396106.07,243.11
2020-06-23,6498081551.48,234.56
2020-06-24,5206732613.81,232.35
2020-06-25,5348091858.75,229.5
2020-06-26,4934464270.79,220.77
2020-06-27,4489319923.6,224.82
2020-06-28,4875146042.91,227.84
2020-06-29,4311463081.88,225.49
2020-06-30,4473319726.1,231.06
2020-07-01,4709019428.79,226.59
2020-07-02,3664747480.13,225.12
2020-07-03,3693653368.62,229.19
2020-07-04,3736502738.22,228.03
2020-07-05,6526062755.17,241.81
2020-07-06,4728461213.33,239.39
2020-07-07,6133356762.61,247.02
2020-07-08,4342287547.61,242.15
2020-07-09,3532244289.8,241.22
2020-07-10,3014254048.69,239.24
2020-07-11,3567529812.01,242.66
2020-07-12,4234564568.43,239.54
2020-07-13,3296454792.68,240.47
2020-07-14,3163690322.92,238.47
2020-07-15,3990651529.31,233.61
2020-07-16,3025118016.05,232.77
2020-07-17,2936228327.41,235.85
2020-07-18,3202953657.81,239.16
2020-07-19,3326355988.37,236.17
2020-07-20,4503271048.83,245.87
2020-07-21,5016552804.27,264.18
2020-07-22,7434158709.56,275.65
2020-07-23,6515629734.1,279.6
2020-07-24,7887410975.64,305.67
2020-07-25,9169924929.46,311.47
2020-07-26,12494490944.66,322.23
2020-07-27,9187597563.3,317.5
2020-07-28,7134819250.82,318.14
2020-07-29,7589600156.54,335.3
2020-07-30,8638449512.21,346.94
2020-07-31,11845114875.34,387.45
2020-08-01,16764517225.54,371.93
2020-08-02,11032723118.81,386.25
2020-08-03,10124604471.18,389.79
2020-08-04,9358170478.54,400.98
2020-08-05,7699667932.01,395.04
2020-08-06,8783273280.2,379.57
2020-08-07,6776350609.73,397.56
2020-08-08,6483462880.46,390.28
2020-08-09,7831209478.87,395.71
2020-08-10,8386891247.65,378.94
2020-08-11,7706553336.44,387.19
2020-08-12,12245646765.63,424.97
2020-08-13,10929584466.97,438.51
2020-08-14,8081863998.3,432.57
2020-08-15,7810333725.72,433.85
2020-08-16,8736976653.55,431.26
2020-08-17,7793757155.87,422.19
2020-08-18,8742440031.69,407.85
2020-08-19,7107281522.59,416.04
2020-08-20,8172291136.8,387.98
2020-08-21,6872895946.89,395.46
2020-08-22,5174359074.72,390.72
2020-08-23,6771277708.82,408.03
2020-08-24,8260776494.01,383.34
2020-08-25,6539949446.47,386.02
2020-08-26,7119305446.76,382.99
2020-08-27,6326482966.12,395.54
2020-08-28,5917560237.37,398.95
2020-08-29,8135672052.81,429.18
2020-08-30,9046186602.22,434.14
2020-08-31,14706150027.02,475.99
2020-09-01,14561508011.48,439.83
2020-09-02,14507059804.71,382.46
2020-09-03,10849956378.34,385.91
2020-09-04,16973667760.21,335.24
2020-09-05,14592292555.98,352.69
2020-09-06,11633812926.45,353.7
2020-09-07,9525145032.06,337.45
2020-09-08,8013023626.06,351.15
2020-09-09,9725786111.26,368.09
2020-09-10,6908283512.66,373.99
2020-09-11,7308988396.61,388.04
2020-09-12,8413985112.46,366.28
2020-09-13,9192003985.16,377.26
2020-09-14,7902941777.64,364.16
2020-09-15,7663028698.63,365.09
2020-09-16,10674608045.92,389.54
2020-09-17,7203349619.6,384.47
2020-09-18,5455358682.69,385.27
2020-09-19,6211130922.53,371.02
2020-09-20,8695116881.28,340.19
2020-09-21,6378751781.6,344.25
2020-09-22,6205728407.18,320.19
2020-09-23,7166317007.37,349.18
2020-09-24,6408912867.37,352.02
2020-09-25,5168320314.75,354.23
2020-09-26,5243408615.47,357.73
2020-09-27,5705196410.85,354.01
2020-09-28,5479497713.59,359.92
2020-09-29,4965272128.4,359.82
2020-09-30,6131382647.22,353.21
2020-10-01,6573604076.85,345.83
2020-10-02,3993795434.77,346.32
2020-10-03,3947122133.38,352.61
2020-10-04,4305041068.05,353.76
2020-10-05,5401574513.63,340.85
2020-10-06,5050733740.5,341.91
2020-10-07,5480693076.72,351.2
2020-10-08,5824444111.52,365.41
2020-10-09,5589858895.2,370.88
2020-10-10,4496233330.23,374.37
2020-10-11,7070415533.16,386.91
2020-10-12,6187340684.41,381.41
2020-10-13,5621098624.45,379.11
2020-10-14,6318229892.09,377.7
2020-10-15,6074065863.58,365.58
2020-10-16,3703041613.05,368.65
2020-10-17,3917209748.74,378.44
2020-10-18,5400900431.83,379.41
2020-10-19,6421449441.53,368.74
2020-10-20,9014062629.4,391.46
2020-10-21,8544347251.63,414.5
2020-10-22,6111654519.18,409.57
2020-10-23,4567753129.69,412.55
2020-10-24,4693216280.82,406.36
2020-10-25,6853094606.2,393.11
2020-10-26,5910660122.08,403.74
2020-10-27,5797334138.48,388.77
2020-10-28,5140360838.5,387.54
2020-10-29,6205879887.73,382.76
2020-10-30,4866868320.85,386.77
2020-10-31,5000410372.43,396.75
2020-11-01,6159253119.74,383.61
2020-11-02,4858040384.02,388.18
2020-11-03,6013302700.39,402.66
2020-11-04,7109781555.56,416.89
2020-11-05,9260665716.76,456.32
2020-11-06,8402076330.65,435.82
2020-11-07,5874662620.83,454.74
2020-11-08,6654234732.45,444.45
2020-11-09,6196252655.11,450.86
2020-11-10,8051538010.85,463.91
2020-11-11,7028361608.16,462.78
2020-11-12,7282090998.16,476.87
2020-11-13,5535277503.88,461.03
2020-11-14,5080646858.74,448.51
2020-11-15,6255365377.84,461.01
2020-11-16,8583909490.61,482.71
2020-11-17,10374512144.58,478.76
2020-11-18,7041329886.97,471.82
2020-11-19,11692553441.51,510.43
2020-11-20,13115093498.2,552.26
2020-11-21,15427108909.57,560.01
2020-11-22,17940731107.98,609.13
2020-11-23,16328634447.94,604.98
2020-11-24,11698174466.32,569.4
2020-11-25,18925159274.9,520.22
2020-11-26,9549218525.18,518.83
2020-11-27,8354817073.08,537.99
2020-11-28,8659763723.52,576.0
2020-11-29,14174225142.75,616.14
2020-11-30,17636527283.06,586.23
2020-12-01,9741410153.02,598.26
2020-12-02,9532796875.95,616.55
2020-12-03,9764467771.09,567.67
2020-12-04,7324293588.92,596.93
2020-12-05,6689377022.61,602.3
2020-12-06,5896514054.32,591.36
2020-12-07,8202546380.66,554.82
2020-12-08,10106371851.88,573.44
2020-12-09,6811827870.08,558.36
2020-12-10,7290279555.85,544.14
2020-12-11,5172669991.01,568.26
2020-12-12,6212670249.59,590.72
2020-12-13,5055374775,586.35
2020-12-14,5405820350.33,589.17
2020-12-15,10478645813.87,637.74
2020-12-16,17349207246.96,643.16
2020-12-17,10290048036.35,654.55
2020-12-18,8998174913.57,658.7
2020-12-19,8423401441.87,638.17
2020-12-20,9348747669.05,607.9
2020-12-21,9202038301.55,637.23
2020-12-22,11374505040.97,585.25
2020-12-23,9549782453.44,612.32
2020-12-24,8708241842.71,626.83
2020-12-25,9899470362.8,636.07
2020-12-26,19627570570.77,683.98
2020-12-27,18609385778.58,729.59
2020-12-28,13243087311.74,731.55
2020-12-29,12086290143.35,752.53
2020-12-30,9906526172.14,737.15
2020-12-31,8601374381,730.6
2021-01-01,15498880077.18,774.9
2021-01-02,37263963166.01,978.69
2021-01-03,53583425585.6,1043.16
2021-01-04,38837317950.68,1103.19
2021-01-05,39384550210.29,1210.59
2021-01-06,33724399155.78,1225.5
2021-01-07,37244676266.4,1216.98
2021-01-08,25382161355.47,1279.96
2021-01-09,34732195304.22,1255.72
2021-01-10,52754319133.66,1088.37
2021-01-11,29737632398.53,1050.04
2021-01-12,24220233641.44,1129.84
2021-01-13,27162383779.2,1232.11
2021-01-14,29852397807.7,1169.06
2021-01-15,26337179207.28,1228.52
2021-01-16,22280969647.91,1233.73
2021-01-17,19370962017.19,1258.31
2021-01-18,39917925284.82,1367.65
2021-01-19,37755725332.96,1377.75
2021-01-20,33550965501.45,1111.49
2021-01-21,33449573415.19,1234.56
2021-01-22,18583948815.44,1234.1
2021-01-23,27708209895.71,1392.45
2021-01-24,32086497732.21,1318.47
2021-01-25,30220573315.3,1368.22
2021-01-26,28815233647.19,1241.51
2021-01-27,24080054406.07,1330.78
2021-01-28,37727758229.86,1379.13
2021-01-29,20675057811.51,1379.35
2021-01-30,16948411142.86,1314.18
2021-01-31,20496866781.82,1374.57
2021-02-01,34202522936.96,1513.9
2021-02-02,31547729253.28,1667.22
2021-02-03,31281187731.46,1597.44
2021-02-04,28148699413.73,1721.48
2021-02-05,27137241358.06,1679.14
2021-02-06,26914228341.84,1614.64
2021-02-07,32427882902.73,1752.87
2021-02-08,30019054964.58,1772.05
2021-02-09,28160087040.96,1743.0
2021-02-10,22704833293.38,1787.69
2021-02-11,25654622577.73,1844.84
2021-02-12,21858523915.31,1817.48
2021-02-13,19628148310.19,1802.96
2021-02-14,25576934475.33,1779.4
2021-02-15,21983623285.02,1782.83
2021-02-16,23400742813.88,1851.14
2021-02-17,25737933170.85,1939.61
2021-02-18,45716324173.07,1957.47
2021-02-19,71999689923.12,1915.12
2021-02-20,41895485658.93,1935.14
2021-02-21,89556241659,1778.07
2021-02-22,127098832827.47,1578.19
2021-02-23,68725357181.35,1625.17
2021-02-24,47238412441.57,1481.88
2021-02-25,65524767760.86,1446.1
2021-02-26,37735862646.35,1460.23
2021-02-27,60340905625.66,1422.58
2021-02-28,49087544778.89,1571.49
2021-03-01,32722127196.91,1488.67
2021-03-02,20913868554.11,1568.65
2021-03-03,20240125902.39,1538.37
2021-03-04,19679197482.05,1529.75
2021-03-05,22504670380.86,1651.48
2021-03-06,19958092014.98,1726.33
2021-03-07,26836384553.72,1834.48
2021-03-08,22671980016.07,1872.1
2021-03-09,23686865735.1,1795.63
2021-03-10,23022751269.16,1827.06
2021-03-11,21046194715.27,1767.77
2021-03-12,24068826298.78,1921.18
2021-03-13,17688009968.87,1848.69
2021-03-14,24811431565.41,1794.83
2021-03-15,22913362380.49,1805.64
2021-03-16,24626823552.12,1823.03
2021-03-17,22929832819.98,1776.16
2021-03-18,20217323332.14,1809.76
2021-03-19,22004253452.88,1805.49
2021-03-20,21993634764.89,1783.94
2021-03-21,22624028941.09,1682.05
2021-03-22,21115590210.84,1668.69
2021-03-23,30530474276.12,1583.24
2021-03-24,28808635521.04,1586.98
2021-03-25,22569309675.4,1699.89
2021-03-26,17082248190.8,1713.94
2021-03-27,16014000930.71,1686.74
2021-03-28,23221368108.97,1816.48
2021-03-29,22330446941.29,1841.4
2021-03-30,30096285562.53,1919.08
2021-03-31,30932180179.93,1967.67
2021-04-01,35942864764.37,2134.46
2021-04-02,30245369994.58,2009.19
2021-04-03,24817189120.92,2076.62
2021-04-04,28526928801.98,2107.73
2021-04-05,28732641868.41,2112.29
2021-04-06,33935753198.31,1964.18
2021-04-07,25363889593,2081.11
2021-04-08,19880323193,2066.55
2021-04-09,27173913965.95,2133.82
2021-04-10,19857786768.27,2150.54
2021-04-11,22124613243.97,2137.79
2021-04-12,30712005901.56,2298.66
2021-04-13,37064864089.32,2431.86
2021-04-14,33669905877.09,2517.08
2021-04-15,35100404023.24,2425.96
2021-04-16,30158119502.73,2318.01
2021-04-17,46080206343.78,2240.96
2021-04-18,31445921535.16,2163.36
2021-04-19,39116501978.48,2332.45
2021-04-20,41619173220.09,2357.59
2021-04-21,59936715120.57,2401.35
2021-04-22,56918477119.64,2369.67
2021-04-23,31429561971.24,2216.56
2021-04-24,33065461564.49,2322.14
2021-04-25,70873465098.47,2534.9
2021-04-26,85179053961.69,2667.93
2021-04-27,49224130088.84,2750.91
2021-04-28,37755101133.8,2758.46
2021-04-29,32840719821.16,2775.96
2021-04-30,32061253474.1,2947.8
2021-05-01,30152784451.62,2951.98
2021-05-02,61004576456.27,3431.41
2021-05-03,68080022174.86,3241.09
2021-05-04,52879107328.55,3528.86
2021-05-05,46627950298.92,3491.74
2021-05-06,39263781650.5,3483.96
2021-05-07,57188646483.31,3916.25
2021-05-08,52442740096.61,3927.06
2021-05-09,71304623789.93,3949.77
2021-05-10,56796077413.15,4178.02
2021-05-11,76752223302.28,3811.29
2021-05-12,83443778993.84,3718.99
2021-05-13,52075896585.75,4080.13
2021-05-14,45008861591.77,3644.04
2021-05-15,51872440004.82,3586.18
2021-05-16,48178373925.6,3280.73
2021-05-17,44893591320.67,3377.65
2021-05-18,84663348977.63,2442.89
2021-05-19,77361286635.04,2772.84
2021-05-20,73223155864.83,2435.86
2021-05-21,71659140633.4,2297.03
2021-05-22,79143621273.06,2098.57
2021-05-23,67087057217.92,2648.77
2021-05-24,84337232209.72,2707.49
2021-05-25,63049341401.95,2888.94
2021-05-26,41940361705.51,2742.48
2021-05-27,47594850236.01,2412.36
2021-05-28,40960869467.7,2278.58
2021-05-29,35864252188.88,2386.91
2021-05-30,43426475454.28,2707.38
2021-05-31,35847419373.28,2634.23
2021-06-01,35970690780.31,2706.52
2021-06-02,38460776367.55,2856.01
2021-06-03,41860989682.88,2691.17
2021-06-04,38952327923.04,2629.76
2021-06-05,31686541836.3,2710.99
2021-06-06,39244589254.4,2593.12
2021-06-07,51514083397.36,2509.23
2021-06-08,45842707659.15,2610.64
2021-06-09,33509954742.23,2471.56
2021-06-10,27190123358.88,2355.09
2021-06-11,30369185936.19,2369.62
2021-06-12,30222257715.47,2509.7
2021-06-13,30715114965.23,2582.12
2021-06-14,28424534168.24,2543.6
2021-06-15,25069773385.59,2367.7
2021-06-16,23973910837.86,2372.31
2021-06-17,28306139910.7,2233.57
2021-06-18,21882774042.99,2166.61
2021-06-19,27853385386.87,2243.6
2021-06-20,38347126649.75,1887.89
2021-06-21,43240824808.47,1880.83
2021-06-22,31180237357.95,1968.56
2021-06-23,23789762772.04,1989.01
2021-06-24,27144117320.05,1810.27
2021-06-25,24602137362.57,1830.94
2021-06-26,24592114814.31,1983.33
2021-06-27,33137620289.6,2083.8
2021-06-28,30362619540.59,2165.61
2021-06-29,32746280270.58,2276.14
2021-06-30,34116018477.44,2109.29
2021-07-01,25184571906.06,2155.65
2021-07-02,22018456092.36,2227.18
2021-07-03,23266547581.23,2323.27
2021-07-04,23442447099.09,2196.71
2021-07-05,24829694778.51,2322.63
2021-07-06,24665523177.28,2317.12
2021-07-07,26935921741.19,2114.51
2021-07-08,26098045380.95,2145.67
2021-07-09,18859908081.61,2110.47
2021-07-10,15123635053.84,2140.45
2021-07-11,18348777990.31,2032.88
2021-07-12,18066517487.47,1940.61
2021-07-13,18869998583.18,1994.22
2021-07-14,16911274192.13,1918.17
2021-07-15,14817271780.5,1877.05
2021-07-16,12935795087.74,1899.96
2021-07-17,13587416026.67,1891.96
2021-07-18,13971460424.25,1818.6
2021-07-19,17975658477.1,1786.52
2021-07-20,23753833828.99,1994.98
2021-07-21,19236367401.51,2024.74
2021-07-22,18928167329.76,2125.57
2021-07-23,18074013160.18,2185.98
2021-07-24,15785615838.3,2194.34
2021-07-25,31451772723.72,2228.67
2021-07-26,27181993440.72,2301.98
2021-07-27,21007416942.69,2301.12
2021-07-28,17149361242.66,2383.24
2021-07-29,22737084668.33,2463.61
2021-07-30,20415036946.3,2531.75
2021-07-31,25722316214.9,2556.41
2021-08-01,25700035488.81,2608.44
2021-08-02,24890545619.5,2508.21
2021-08-03,29075874251.01,2725.72
2021-08-04,38094731879.55,2829.23
2021-08-05,30477592834.69,2892.36
2021-08-06,38990084144.02,3162.43
2021-08-07,30424657453.55,3013.75
2021-08-08,38194410055.18,3164.94
2021-08-09,31261790347.14,3141.67
2021-08-10,29822326140.71,3163.42
2021-08-11,28100108443.57,3047.29
2021-08-12,28599412353.37,3324.26
2021-08-13,21731428348.89,3266.71
2021-08-14,24992350348.71,3311.12
2021-08-15,26277660379.48,3147.63
2021-08-16,28770794343.58,3011.96
2021-08-17,23603197019.98,3013.52
2021-08-18,21761986323.59,3184.74
2021-08-19,23984353394.82,3286.5
2021-08-20,18924339928.48,3226.59
2021-08-21,17937956836.86,3241.65
2021-08-22,24648061278.7,3322.71
2021-08-23,25267978561.69,3172.57
2021-08-24,20975026344.3,3228.86
2021-08-25,18912548263.76,3093.62
2021-08-26,20693500149.93,3275.87
2021-08-27,13863194848.67,3246.78
2021-08-28,13968708439.37,3225.3
2021-08-29,23000467956.57,3228.46
2021-08-30,33299878255.6,3435.17
2021-08-31,38761003593.37,3829.18
2021-09-01,28826881731.2,3787.7
2021-09-02,30961977211.17,3939.79
2021-09-03,22783132982.38,3887.01
2021-09-04,20111197464.2,3952.33
2021-09-05,20824103172.21,3928.4
2021-09-06,42344989560.9,3433.48
2021-09-07,38291266617.4,3499.69
2021-09-08,28832469761.86,3424.24
2021-09-09,25699612398.67,3209.41
2021-09-10,21364045074.59,3266.43
2021-09-11,18917853296.03,3405.32
2021-09-12,25809551996.94,3285.4
2021-09-13,23042530261.95,3436.05
2021-09-14,20247685288.29,3615.22
2021-09-15,23647813180.93,3569.26
2021-09-16,20533951078.93,3398.82
2021-09-17,18039726625.15,3435.76
2021-09-18,15990896543.92,3328.85
2021-09-19,30399000483.08,2966.51
2021-09-20,35016362238.5,2760.2
2021-09-21,28006798325.37,3078.88
2021-09-22,20950115651.26,3154.62
2021-09-23,28315290513.96,2930.86
2021-09-24,22641763445.96,2925.34
2021-09-25,23191428892.67,3064.21
2021-09-26,21711540968.63,2927.73
2021-09-27,19387539083.81,2807.44
2021-09-28,18413049200.24,2850.87
2021-09-29,20047778487.93,3000.83
2021-09-30,25817211704.68,3310.63
2021-10-01,22402829612.96,3389.48
2021-10-02,17859807289.5,3420.14
2021-10-03,18852489802.65,3384.5
2021-10-04,17466774669.66,3516.09
2021-10-05,22671107945.24,3576.08
2021-10-06,911392049868041700000,3588.12
2021-10-07,17495595241.96,3562.84
2021-10-08,13446600148.63,3576.4
2021-10-09,16863022513.26,3416.49
2021-10-10,20721836321,3544.14
2021-10-11,21209313851.42,3490.61
2021-10-12,18820382214.59,3607.55
2021-10-13,23148211886.28,3791.23
2021-10-14,25306713763.53,3868.16
2021-10-15,19215625230.07,3829.61
2021-10-16,18839959204.7,3846.66
2021-10-17,20480573653.27,3746.14
2021-10-18,19744375979.36,3877.45
2021-10-19,24997442504.19,4162.49
2021-10-20,34068353122.56,4062.76
2021-10-21,23629083641.27,3971.95
2021-10-22,18045497403.07,4168.96
2021-10-23,18274445476.06,4082.08
2021-10-24,19453617819.09,4220.26
2021-10-25,20597856476.16,4129.95
2021-10-26,30150646792.07,3924.31
2021-10-27,29577845089.54,4288.22
2021-10-28,27676459995.55,4417.4
2021-10-29,17342638341.43,4323.94
2021-10-30,20254185494.43,4290.1
2021-10-31,22130056414,4322.79
2021-11-01,26725891827.78,4593.15
2021-11-02,26119894974.23,4604.4
2021-11-03,20757245332.61,4536.99
2021-11-04,17515468102.97,4480.09
2021-11-05,17975841310.92,4521.41
2021-11-06,16331740585.18,4617.13
2021-11-07,23650182956,4810.97
2021-11-08,21358470843.48,4732.07
2021-11-09,27015912709.59,4632.98
2021-11-10,20525362526.59,4722.68
2021-11-11,23056471311.97,4668.7
2021-11-12,17146911320.45,4645.64
2021-11-13,15539938801.35,4627.5
2021-11-14,20093073123.56,4561.38
2021-11-15,240198789128.38,4210.14
2021-11-16,23925443211.05,4289.75
2021-11-17,24507856883.56,4002.01
