,Gas_Price_(Wei),ETH_Close_Price_(USD),Gas_Price_(USD)
2016-05-27,23740827315,11.73,0.0
2016-05-28,26746665349,12.23,0.0
2016-05-29,23677018969,12.66,0.0
2016-05-30,23145863918,13.94,0.0
2016-05-31,22735089093,13.83,0.0
2016-06-01,22687558792,13.74,0.0
2016-06-02,22831513081,13.82,0.0
2016-06-03,22754854055,13.69,0.0
2016-06-04,22562926511,14.0,0.0
2016-06-05,22634657554,13.92,0.0
2016-06-06,23217826841,14.38,0.0
2016-06-07,23737534493,14.45,0.0
2016-06-08,23042966451,14.32,0.0
2016-06-09,22658862386,13.98,0.0
2016-06-10,22804128940,13.92,0.0
2016-06-11,22375029283,15.74,0.0
2016-06-12,22951154962,17.56,0.0
2016-06-13,22759240658,18.84,0.0
2016-06-14,22856579441,18.42,0.0
2016-06-15,22714226454,20.61,0.0
2016-06-16,23212696396,15.49,0.0
2016-06-17,24632069593,11.36,0.0
2016-06-18,24843768913,12.33,0.0
2016-06-19,22736174769,11.73,0.0
2016-06-20,22691090048,12.71,0.0
2016-06-21,25068845210,13.21,0.0
2016-06-22,23017973391,13.58,0.0
2016-06-23,22617185981,14.16,0.0
2016-06-24,22376397200,14.17,0.0
2016-06-25,22497935939,13.72,0.0
2016-06-26,22141167067,13.83,0.0
2016-06-27,22312348466,12.15,0.0
2016-06-28,22584213073,12.73,0.0
2016-06-29,22918582594,12.41,0.0
2016-06-30,22446491113,12.3,0.0
2016-07-01,22618172634,12.11,0.0
2016-07-02,22174765936,11.74,0.0
2016-07-03,22438609328,11.38,0.0
2016-07-04,22445903080,10.45,0.0
2016-07-05,22791928270,10.43,0.0
2016-07-06,22376280596,10.03,0.0
2016-07-07,22363551641,11.27,0.0
2016-07-08,22368208463,10.92,0.0
2016-07-09,22412574674,10.9,0.0
2016-07-10,22296567527,10.46,0.0
2016-07-11,22505333819,10.49,0.0
2016-07-12,22440652514,10.44,0.0
2016-07-13,22106770557,11.55,0.0
2016-07-14,22324847989,11.88,0.0
2016-07-15,22150401292,11.59,0.0
2016-07-16,22453905433,11.19,0.0
2016-07-17,22385907496,10.95,0.0
2016-07-18,22194304300,11.63,0.0
2016-07-19,21817375021,12.54,0.0
2016-07-20,22553228644,12.66,0.0
2016-07-21,22496025782,14.82,0.0
2016-07-22,22388524770,14.4,0.0
2016-07-23,22644090502,12.63,0.0
2016-07-24,23334840904,13.84,0.0
2016-07-25,23055593809,12.08,0.0
2016-07-26,23802114598,13.05,0.0
2016-07-27,22886382980,12.87,0.0
2016-07-28,24336775150,12.84,0.0
2016-07-29,22951966479,12.57,0.0
2016-07-30,22341575288,11.82,0.0
2016-07-31,22551495057,11.05,0.0
2016-08-01,22560601997,8.295,0.0
2016-08-02,22679744211,10.42,0.0
2016-08-03,22667499175,11.21,0.0
2016-08-04,22424068262,10.93,0.0
2016-08-05,22709716839,10.91,0.0
2016-08-06,22261007498,10.94,0.0
2016-08-07,22143757119,11.29,0.0
2016-08-08,22238663553,12.22,0.0
2016-08-09,22880314198,12.22,0.0
2016-08-10,22839922128,11.68,0.0
2016-08-11,22430005194,11.78,0.0
2016-08-12,23389186213,11.52,0.0
2016-08-13,22116282460,11.17,0.0
2016-08-14,22080023368,11.19,0.0
2016-08-15,22387394758,11.16,0.0
2016-08-16,22133315567,10.77,0.0
2016-08-17,22449010538,10.74,0.0
2016-08-18,22271755769,10.75,0.0
2016-08-19,23013031811,11.28,0.0
2016-08-20,22008202022,11.15,0.0
2016-08-21,22724928781,11.11,0.0
2016-08-22,22323641612,11.02,0.0
2016-08-23,22472449180,11.01,0.0
2016-08-24,22134955112,11.37,0.0
2016-08-25,21662495420,11.3,0.0
2016-08-26,22060468684,11.17,0.0
2016-08-27,22084491734,10.99,0.0
2016-08-28,22327330954,10.93,0.0
2016-08-29,22503390990,11.26,0.0
2016-08-30,21969060645,11.59,0.0
2016-08-31,22383972827,12.21,0.0
2016-09-01,22350497450,12.08,0.0
2016-09-02,21832746445,11.77,0.0
2016-09-03,22180114518,11.69,0.0
2016-09-04,23122925314,11.74,0.0
2016-09-05,22297761925,11.66,0.0
2016-09-06,22011556383,11.53,0.0
2016-09-07,22086810764,11.35,0.0
2016-09-08,22630806155,11.64,0.0
2016-09-09,21954984795,12.1,0.0
2016-09-10,22516085593,11.63,0.0
2016-09-11,23221716092,11.92,0.0
2016-09-12,23192092540,11.92,0.0
2016-09-13,22172975216,11.92,0.0
2016-09-14,21847315101,11.96,0.0
2016-09-15,22076869309,12.61,0.0
2016-09-16,21913132122,12.75,0.0
2016-09-17,22349371995,12.39,0.0
2016-09-18,22722051979,12.93,0.0
2016-09-19,22459974842,14.72,0.0
2016-09-20,22114596899,13.72,0.0
2016-09-21,21875371150,13.11,0.0
2016-09-22,21998293790,13.31,0.0
2016-09-23,36520780497,12.91,0.0
2016-09-24,33231902597,13.04,0.0
2016-09-25,38650733832,12.8,0.0
2016-09-26,43188170153,13.09,1e-06
2016-09-27,35880566234,13.25,0.0
2016-09-28,31053957466,13.09,0.0
2016-09-29,30521640536,13.22,0.0
2016-09-30,29817386069,13.15,0.0
2016-10-01,27851144123,13.19,0.0
2016-10-02,29274270351,13.46,0.0
2016-10-03,28921116127,13.28,0.0
2016-10-04,25719466740,13.01,0.0
2016-10-05,25204877308,12.82,0.0
2016-10-06,23383154022,12.62,0.0
2016-10-07,23148248452,12.24,0.0
2016-10-08,23382156317,12.06,0.0
2016-10-09,24293403159,11.74,0.0
2016-10-10,23808820587,11.7,0.0
2016-10-11,24289033632,11.72,0.0
2016-10-12,26037096488,12.1,0.0
2016-10-13,74508549155,11.9,1e-06
2016-10-14,47491822159,11.91,1e-06
2016-10-15,67021626922,11.88,1e-06
2016-10-16,64860315135,11.96,1e-06
2016-10-17,62917625993,12.5,1e-06
2016-10-18,56109104953,11.98,1e-06
2016-10-19,26727015004,12.0,0.0
2016-10-20,28388678071,12.09,0.0
2016-10-21,27327186756,12.09,0.0
2016-10-22,25568419660,11.98,0.0
2016-10-23,27189463354,11.85,0.0
2016-10-24,26738598194,11.34,0.0
2016-10-25,25467763116,11.5,0.0
2016-10-26,24766803093,11.39,0.0
2016-10-27,25335805631,11.01,0.0
2016-10-28,26393346615,10.39,0.0
2016-10-29,26931401011,11.21,0.0
2016-10-30,25710654068,10.93,0.0
2016-10-31,24958279875,10.71,0.0
2016-11-01,27306724366,10.8,0.0
2016-11-02,24483859111,10.9,0.0
2016-11-03,24961749448,11.11,0.0
2016-11-04,23953353775,11.04,0.0
2016-11-05,24196990421,10.88,0.0
2016-11-06,24064007293,10.87,0.0
2016-11-07,24556000429,10.84,0.0
2016-11-08,24358801328,10.67,0.0
2016-11-09,25674126403,10.56,0.0
2016-11-10,24703835063,10.29,0.0
2016-11-11,28889390493,9.881,0.0
2016-11-12,25243993965,10.11,0.0
2016-11-13,25168748733,9.977,0.0
2016-11-14,24969184273,10.19,0.0
2016-11-15,24586128040,10.02,0.0
2016-11-16,24746018974,9.935,0.0
2016-11-17,24334480804,9.434,0.0
2016-11-18,24779293462,9.618,0.0
2016-11-19,24367796634,9.536,0.0
2016-11-20,24297865025,9.57,0.0
2016-11-21,24827550548,9.839,0.0
2016-11-22,23329377849,9.738,0.0
2016-11-23,24571404785,9.22,0.0
2016-11-24,27981297065,9.373,0.0
2016-11-25,24440853301,9.272,0.0
2016-11-26,24641800522,8.909,0.0
2016-11-27,25256371561,8.734,0.0
2016-11-28,25726139305,8.178,0.0
2016-11-29,25163119754,8.598,0.0
2016-11-30,23375317675,8.437,0.0
2016-12-01,22785340768,7.651,0.0
2016-12-02,23095222285,7.901,0.0
2016-12-03,22832490174,7.544,0.0
2016-12-04,22644586389,6.694,0.0
2016-12-05,23613848731,7.612,0.0
2016-12-06,23636815655,8.354,0.0
2016-12-07,23374892164,8.298,0.0
2016-12-08,939588332579,8.518,8e-06
2016-12-09,22949471336,8.087,0.0
2016-12-10,22755035263,8.217,0.0
2016-12-11,23102362744,8.453,0.0
2016-12-12,23597952573,8.356,0.0
2016-12-13,22648901910,8.215,0.0
2016-12-14,22618352558,7.755,0.0
2016-12-15,23094151934,7.794,0.0
2016-12-16,22992393242,7.66,0.0
2016-12-17,23595023607,7.887,0.0
2016-12-18,23992718388,7.591,0.0
2016-12-19,23123514564,7.591,0.0
2016-12-20,24119840003,7.873,0.0
2016-12-21,23592292635,7.641,0.0
2016-12-22,20481256826,7.14,0.0
2016-12-23,21893017280,7.236,0.0
2016-12-24,22905581735,7.164,0.0
2016-12-25,22736759512,7.212,0.0
2016-12-26,22814139095,7.142,0.0
2016-12-27,23152519818,7.465,0.0
2016-12-28,22822250696,8.214,0.0
2016-12-29,23046273651,8.148,0.0
2016-12-30,22836679784,8.054,0.0
2016-12-31,22450276633,8.154,0.0
2017-01-01,22502464773,8.317,0.0
2017-01-02,22989772352,9.595,0.0
2017-01-03,23220439902,11.0,0.0
2017-01-04,23038159919,10.12,0.0
2017-01-05,22939235415,10.1,0.0
2017-01-06,23009819425,9.733,0.0
2017-01-07,22843513981,10.17,0.0
2017-01-08,22998988736,10.27,0.0
2017-01-09,23091635207,10.5,0.0
2017-01-10,22532703925,9.629,0.0
2017-01-11,22676639926,9.713,0.0
2017-01-12,23040753981,9.651,0.0
2017-01-13,22119879499,9.721,0.0
2017-01-14,22409886093,9.797,0.0
2017-01-15,22419878847,9.556,0.0
2017-01-16,22395773525,10.09,0.0
2017-01-17,22742343222,10.1,0.0
2017-01-18,22420105832,10.37,0.0
2017-01-19,22228644380,10.57,0.0
2017-01-20,22369863556,10.9,0.0
2017-01-21,22405633901,10.71,0.0
2017-01-22,22118050371,10.74,0.0
2017-01-23,22267116021,10.54,0.0
2017-01-24,22081334070,10.46,0.0
2017-01-25,22329866070,10.63,0.0
2017-01-26,22478987111,10.47,0.0
2017-01-27,22449741445,10.55,0.0
2017-01-28,22219721089,10.44,0.0
2017-01-29,22393586898,10.62,0.0
2017-01-30,22234080218,10.66,0.0
2017-01-31,23010693003,10.65,0.0
2017-02-01,22534983936,10.78,0.0
2017-02-02,22623466807,10.95,0.0
2017-02-03,22508635957,11.32,0.0
2017-02-04,22623314914,11.25,0.0
2017-02-05,22331019732,11.29,0.0
2017-02-06,22488425969,11.45,0.0
2017-02-07,22381838948,11.39,0.0
2017-02-08,22770223820,10.89,0.0
2017-02-09,22865377988,11.3,0.0
2017-02-10,22403621823,11.38,0.0
2017-02-11,22195555854,11.34,0.0
2017-02-12,22626108892,11.3,0.0
2017-02-13,23210412106,13.0,0.0
2017-02-14,22818886821,12.97,0.0
2017-02-15,31915437681,12.95,0.0
2017-02-16,22602328224,12.66,0.0
2017-02-17,22533195533,12.77,0.0
2017-02-18,23057941420,12.74,0.0
2017-02-19,22391656238,12.23,0.0
2017-02-20,22466228953,12.67,0.0
2017-02-21,22569187220,12.57,0.0
2017-02-22,22844411723,13.13,0.0
2017-02-23,22741575515,13.11,0.0
2017-02-24,22755690878,13.51,0.0
2017-02-25,22580332911,14.59,0.0
2017-02-26,22771424431,15.55,0.0
2017-02-27,23193818563,16.07,0.0
2017-02-28,23580755304,17.55,0.0
2017-03-01,27402631555,19.08,1e-06
2017-03-02,23609865289,19.48,0.0
2017-03-03,23008036079,18.61,0.0
2017-03-04,22752613012,19.22,0.0
2017-03-05,22459193729,19.75,0.0
2017-03-06,22683379793,18.91,0.0
2017-03-07,22439900327,16.54,0.0
2017-03-08,22717981194,17.71,0.0
2017-03-09,22460423289,19.13,0.0
2017-03-10,25715550291,21.45,1e-06
2017-03-11,22822227019,23.31,1e-06
2017-03-12,22944292835,28.45,1e-06
2017-03-13,23503094188,28.58,1e-06
2017-03-14,22958465248,35.18,1e-06
2017-03-15,22877843867,45.51,1e-06
2017-03-16,23318234775,44.48,1e-06
2017-03-17,27329559604,34.0,1e-06
2017-03-18,22588280322,43.12,1e-06
2017-03-19,22676654708,42.51,1e-06
2017-03-20,22485861954,42.67,1e-06
2017-03-21,22401666063,41.65,1e-06
2017-03-22,22752454613,43.2,1e-06
2017-03-23,22541771175,53.19,1e-06
2017-03-24,27441833681,50.74,1e-06
2017-03-25,23012529660,50.59,1e-06
2017-03-26,22249849693,49.04,1e-06
2017-03-27,22247794560,50.36,1e-06
2017-03-28,22247087954,53.07,1e-06
2017-03-29,22264312196,51.91,1e-06
2017-03-30,22337722011,49.91,1e-06
2017-03-31,22421222086,50.27,1e-06
2017-04-01,22145659410,47.92,1e-06
2017-04-02,22176202916,43.89,1e-06
2017-04-03,22176569227,44.31,1e-06
2017-04-04,22335006404,44.83,1e-06
2017-04-05,22438228964,43.03,1e-06
2017-04-06,22774967565,42.04,1e-06
2017-04-07,22133175527,44.24,1e-06
2017-04-08,22134943280,43.49,1e-06
2017-04-09,21963656913,43.74,1e-06
2017-04-10,22330645586,43.57,1e-06
2017-04-11,22007626117,46.38,1e-06
2017-04-12,23067711028,50.02,1e-06
2017-04-13,22310955741,47.23,1e-06
2017-04-14,22257379067,48.88,1e-06
2017-04-15,22240477959,48.21,1e-06
2017-04-16,22100218538,47.84,1e-06
2017-04-17,22255010723,49.88,1e-06
2017-04-18,22747420158,47.88,1e-06
2017-04-19,22626922333,49.35,1e-06
2017-04-20,22480105997,48.35,1e-06
2017-04-21,22819358782,48.32,1e-06
2017-04-22,22631052480,48.75,1e-06
2017-04-23,21898039096,49.94,1e-06
2017-04-24,22992421400,50.09,1e-06
2017-04-25,21734015245,53.28,1e-06
2017-04-26,22048839796,62.93,1e-06
2017-04-27,22377947330,71.05,2e-06
2017-04-28,22130700584,69.83,2e-06
2017-04-29,22799209590,78.72,2e-06
2017-04-30,22541845100,77.53,2e-06
2017-05-01,22989649815,75.97,2e-06
2017-05-02,22975461233,80.37,2e-06
2017-05-03,22182605256,94.55,2e-06
2017-05-04,22523480694,89.38,2e-06
2017-05-05,22905913235,94.82,2e-06
2017-05-06,22254507120,90.46,2e-06
2017-05-07,22863576069,86.82,2e-06
2017-05-08,22304778708,85.74,2e-06
2017-05-09,22419891708,86.21,2e-06
2017-05-10,22141501610,88.2,2e-06
2017-05-11,22276386524,85.15,2e-06
2017-05-12,22224260597,87.96,2e-06
2017-05-13,22176736929,88.72,2e-06
2017-05-14,22054420864,90.32,2e-06
2017-05-15,22225479222,87.8,2e-06
2017-05-16,22338079736,86.98,2e-06
2017-05-17,26658490658,95.88,3e-06
2017-05-18,22641931556,124.38,3e-06
2017-05-19,22510140833,121.94,3e-06
2017-05-20,22578527232,148.0,3e-06
2017-05-21,22366670221,160.39,4e-06
2017-05-22,22950916506,169.5,4e-06
2017-05-23,22876914693,193.03,4e-06
2017-05-24,23511877462,177.33,4e-06
2017-05-25,22627478169,162.83,4e-06
2017-05-26,22767260891,156.63,4e-06
2017-05-27,22312210827,172.86,4e-06
2017-05-28,21916364414,194.17,4e-06
2017-05-29,22429141176,228.58,5e-06
2017-05-30,24758885831,228.64,6e-06
2017-05-31,38210063774,220.7,8e-06
2017-06-01,23808562950,222.04,5e-06
2017-06-02,22913829909,223.74,5e-06
2017-06-03,22677818318,244.96,6e-06
2017-06-04,23508783552,247.75,6e-06
2017-06-05,22886137204,264.26,6e-06
2017-06-06,23539130279,255.77,6e-06
2017-06-07,23555770569,259.41,6e-06
2017-06-08,23571788218,279.11,7e-06
2017-06-09,22518978783,335.95,8e-06
2017-06-10,22422146714,339.68,8e-06
2017-06-11,23843612254,394.66,9e-06
2017-06-12,30391141090,388.09,1.2e-05
2017-06-13,24903912970,343.84,9e-06
2017-06-14,22812812579,344.68,8e-06
2017-06-15,23411815379,353.61,8e-06
2017-06-16,22083654403,368.1,8e-06
2017-06-17,20940055933,351.53,7e-06
2017-06-18,19777146521,358.2,7e-06
2017-06-19,21054562068,350.53,7e-06
2017-06-20,35606261848,325.3,1.2e-05
2017-06-21,58264077197,320.97,1.9e-05
2017-06-22,41150573699,326.85,1.3e-05
2017-06-23,40960227374,304.54,1.2e-05
2017-06-24,47309213754,279.36,1.3e-05
2017-06-25,34521352334,253.68,9e-06
2017-06-26,49580734026,286.14,1.4e-05
2017-06-27,31580245373,315.86,1e-05
2017-06-28,43482890266,292.9,1.3e-05
2017-06-29,35022170593,280.68,1e-05
2017-06-30,27223635401,261.0,7e-06
2017-07-01,26689728580,283.99,8e-06
2017-07-02,25581333280,276.41,7e-06
2017-07-03,28117349173,269.05,8e-06
2017-07-04,24664144555,266.0,7e-06
2017-07-05,26133024523,265.88,7e-06
2017-07-06,24841070314,240.94,6e-06
2017-07-07,27021742038,245.67,7e-06
2017-07-08,26089973919,237.72,6e-06
2017-07-09,26860797614,205.76,6e-06
2017-07-10,22840512365,190.55,4e-06
2017-07-11,24575033101,224.15,6e-06
2017-07-12,24301621064,205.41,5e-06
2017-07-13,23629822115,197.14,5e-06
2017-07-14,23119742999,169.1,4e-06
2017-07-15,26644007281,155.42,4e-06
2017-07-16,24225254470,189.97,5e-06
2017-07-17,25008451290,227.09,6e-06
2017-07-18,26922445269,194.41,5e-06
2017-07-19,25859171423,226.33,6e-06
2017-07-20,23785270501,216.33,5e-06
2017-07-21,34121661718,230.47,8e-06
2017-07-22,24728177686,228.32,6e-06
2017-07-23,24411781141,225.48,6e-06
2017-07-24,24993645320,203.59,5e-06
2017-07-25,26699669746,202.88,5e-06
2017-07-26,26644959295,202.93,5e-06
2017-07-27,25759576270,191.21,5e-06
2017-07-28,25160319003,206.14,5e-06
2017-07-29,24073380192,196.78,5e-06
2017-07-30,23908993567,201.33,5e-06
2017-07-31,22305961187,225.9,5e-06
2017-08-01,25462492943,218.12,6e-06
2017-08-02,25145539900,224.39,6e-06
2017-08-03,24881344614,220.6,5e-06
2017-08-04,22630338284,253.09,6e-06
2017-08-05,23984146001,264.56,6e-06
2017-08-06,24293412889,269.94,7e-06
2017-08-07,25187717437,296.51,7e-06
2017-08-08,23836962422,295.28,7e-06
2017-08-09,24062207266,298.28,7e-06
2017-08-10,24244829373,309.32,7e-06
2017-08-11,25055821756,308.02,8e-06
2017-08-12,24802395477,296.62,7e-06
2017-08-13,22053673388,299.16,7e-06
2017-08-14,22124106465,286.52,6e-06
2017-08-15,21732658516,301.38,7e-06
2017-08-16,34716303601,300.3,1e-05
2017-08-17,29045025650,292.62,8e-06
2017-08-18,44653492844,293.02,1.3e-05
2017-08-19,25853813413,298.2,8e-06
2017-08-20,22972240493,321.85,7e-06
2017-08-21,23061643547,313.37,7e-06
2017-08-22,23423033219,317.4,7e-06
2017-08-23,23256200293,325.28,8e-06
2017-08-24,24488987225,330.06,8e-06
2017-08-25,25311366617,332.86,8e-06
2017-08-26,22816054496,347.88,8e-06
2017-08-27,22152769744,347.66,8e-06
2017-08-28,23023333378,372.35,9e-06
2017-08-29,26062902403,383.86,1e-05
2017-08-30,25922353625,388.33,1e-05
2017-08-31,36202779201,391.42,1.4e-05
2017-09-01,29038234385,351.03,1e-05
2017-09-02,62682734227,352.45,2.2e-05
2017-09-03,24625907338,303.7,7e-06
2017-09-04,27792328086,317.94,9e-06
2017-09-05,30139309787,338.92,1e-05
2017-09-06,36519706124,335.37,1.2e-05
2017-09-07,36147491376,306.72,1.1e-05
2017-09-08,42275877643,303.79,1.3e-05
2017-09-09,29941043195,299.21,9e-06
2017-09-10,36135150446,297.95,1.1e-05
2017-09-11,26441744516,294.1,8e-06
2017-09-12,28430040166,275.84,8e-06
2017-09-13,27123610125,223.14,6e-06
2017-09-14,28372005082,259.57,7e-06
2017-09-15,35527257414,254.49,9e-06
2017-09-16,35281116400,258.4,9e-06
2017-09-17,32847109838,297.53,1e-05
2017-09-18,27527967857,283.0,8e-06
2017-09-19,28240983765,283.56,8e-06
2017-09-20,30102925181,257.77,8e-06
2017-09-21,23983898010,262.94,6e-06
2017-09-22,24379043547,286.14,7e-06
2017-09-23,23562292733,282.6,7e-06
2017-09-24,28226701571,294.89,8e-06
2017-09-25,25547420148,288.64,7e-06
2017-09-26,24571949910,309.97,8e-06
2017-09-27,26548967736,302.77,8e-06
2017-09-28,25409632808,292.58,7e-06
2017-09-29,23184436268,302.77,7e-06
2017-09-30,26231412090,303.95,8e-06
2017-10-01,24190581701,296.81,7e-06
2017-10-02,25376879520,291.81,7e-06
2017-10-03,23882103385,291.68,7e-06
2017-10-04,23689836678,294.99,7e-06
2017-10-05,24302843665,308.33,7e-06
2017-10-06,25759310387,311.26,8e-06
2017-10-07,22705744740,309.49,7e-06
2017-10-08,24091593642,296.95,7e-06
2017-10-09,24174030452,298.46,7e-06
2017-10-10,25058292801,302.86,8e-06
2017-10-11,30039329444,302.89,9e-06
2017-10-12,24512657109,336.83,8e-06
2017-10-13,26489325565,338.81,9e-06
2017-10-14,24196653845,336.58,8e-06
2017-10-15,23514174126,334.23,8e-06
2017-10-16,16678649826,316.14,5e-06
2017-10-17,14194850634,313.54,4e-06
2017-10-18,14081137033,307.41,4e-06
2017-10-19,12235259269,303.08,4e-06
2017-10-20,14610349751,299.55,4e-06
2017-10-21,12128683877,294.03,4e-06
2017-10-22,10751750663,285.27,3e-06
2017-10-23,13780011469,296.5,4e-06
2017-10-24,14415708346,296.35,4e-06
2017-10-25,12720316553,295.54,4e-06
2017-10-26,12385996259,296.36,4e-06
2017-10-27,11545392383,293.35,3e-06
2017-10-28,10491940195,304.04,3e-06
2017-10-29,10371979124,306.8,3e-06
2017-10-30,11808258897,303.64,4e-06
2017-10-31,13692446133,289.42,4e-06
2017-11-01,14979336359,284.92,4e-06
2017-11-02,15919836477,304.51,5e-06
2017-11-03,12781813101,300.04,4e-06
2017-11-04,11624799927,295.8,3e-06
2017-11-05,10703460687,296.82,3e-06
2017-11-06,10433598351,291.84,3e-06
2017-11-07,13393206633,307.35,4e-06
2017-11-08,16154783877,319.66,5e-06
2017-11-09,15785570759,296.86,5e-06
2017-11-10,15036090671,314.23,5e-06
2017-11-11,15394750336,306.02,5e-06
2017-11-12,18011273725,314.6,6e-06
2017-11-13,16603636136,334.72,6e-06
2017-11-14,16704405736,331.2,6e-06
2017-11-15,17408995522,330.32,6e-06
2017-11-16,16023943398,331.72,5e-06
2017-11-17,16406020669,346.65,6e-06
2017-11-18,13339014477,354.6,5e-06
2017-11-19,14229082585,367.71,5e-06
2017-11-20,16089304528,360.52,6e-06
2017-11-21,17548793491,380.84,7e-06
2017-11-22,16469836119,406.57,7e-06
2017-11-23,15992127664,470.43,8e-06
2017-11-24,15456892039,464.61,7e-06
2017-11-25,12891179323,470.54,6e-06
2017-11-26,14953923259,475.24,7e-06
2017-11-27,15537337870,466.27,7e-06
2017-11-28,16779210323,427.42,7e-06
2017-11-29,17499867713,434.85,8e-06
2017-11-30,16354038320,461.58,8e-06
2017-12-01,14561757161,457.96,7e-06
2017-12-02,13179215357,462.81,6e-06
2017-12-03,14068434201,466.93,7e-06
2017-12-04,21962218932,453.96,1e-05
2017-12-05,30921177676,422.48,1.3e-05
2017-12-06,42116421717,421.15,1.8e-05
2017-12-07,59656597683,451.74,2.7e-05
2017-12-08,61102848374,472.86,2.9e-05
2017-12-09,55563635227,436.49,2.4e-05
2017-12-10,43572173439,513.29,2.2e-05
2017-12-11,35272081823,656.52,2.3e-05
2017-12-12,38367405491,699.09,2.7e-05
2017-12-13,38631503447,693.58,2.7e-05
2017-12-14,41791954659,684.27,2.9e-05
2017-12-15,35432934113,692.83,2.5e-05
2017-12-16,35296363949,717.71,2.5e-05
2017-12-17,29121338315,785.99,2.3e-05
2017-12-18,27442929390,812.5,2.2e-05
2017-12-19,34330952644,799.17,2.7e-05
2017-12-20,41559360197,789.39,3.3e-05
2017-12-21,41640835518,657.83,2.7e-05
2017-12-22,40786863196,700.44,2.9e-05
2017-12-23,33285710975,675.91,2.2e-05
2017-12-24,30228420219,723.14,2.2e-05
2017-12-25,26111076108,753.48,2e-05
2017-12-26,25927218047,739.94,1.9e-05
2017-12-27,25108575762,716.69,1.8e-05
2017-12-28,24132948080,739.6,1.8e-05
2017-12-29,25027593719,692.99,1.7e-05
2017-12-30,24163343242,741.27,1.8e-05
2017-12-31,24709168252,757.22,1.9e-05
2018-01-01,23306357402,861.97,2e-05
2018-01-02,26315022737,941.1,2.5e-05
2018-01-03,27919698108,944.83,2.6e-05
2018-01-04,33357029107,963.88,3.2e-05
2018-01-05,84460889356,1008.36,8.5e-05
2018-01-06,95788574583,1117.75,0.000107
2018-01-07,74588438927,1136.11,8.5e-05
2018-01-08,73644673858,1289.24,9.5e-05
2018-01-09,76790296973,1248.99,9.6e-05
2018-01-10,95442073535,1139.32,0.000109
2018-01-11,82600430565,1261.03,0.000104
2018-01-12,60014533220,1385.02,8.3e-05
2018-01-13,63717170951,1359.48,8.7e-05
2018-01-14,58397110440,1278.69,7.5e-05
2018-01-15,53860527328,1050.26,5.7e-05
2018-01-16,54778776336,1024.69,5.6e-05
2018-01-17,52114059603,1012.97,5.3e-05
2018-01-18,53748001984,1037.36,5.6e-05
2018-01-19,51161244711,1150.5,5.9e-05
2018-01-20,51085545977,1049.09,5.4e-05
2018-01-21,40356756648,999.64,4e-05
2018-01-22,33802546511,984.47,3.3e-05
2018-01-23,39247302060,1061.78,4.2e-05
2018-01-24,37646911483,1046.37,3.9e-05
2018-01-25,33569002791,1048.58,3.5e-05
2018-01-26,28114173259,1109.08,3.1e-05
2018-01-27,27546279427,1231.58,3.4e-05
2018-01-28,27800189170,1169.96,3.3e-05
2018-01-29,37028443300,1063.75,3.9e-05
2018-01-30,30081646328,1111.31,3.3e-05
2018-01-31,29402730461,1026.19,3e-05
2018-02-01,40436332603,917.47,3.7e-05
2018-02-02,35386250064,970.87,3.4e-05
2018-02-03,29301000333,827.59,2.4e-05
2018-02-04,29029951503,695.08,2e-05
2018-02-05,26867195837,785.01,2.1e-05
2018-02-06,27964527864,751.81,2.1e-05
2018-02-07,26694182218,813.55,2.2e-05
2018-02-08,24968333160,877.88,2.2e-05
2018-02-09,22856286885,850.75,1.9e-05
2018-02-10,23836230354,811.24,1.9e-05
2018-02-11,21902813565,865.27,1.9e-05
2018-02-12,20824108310,840.98,1.8e-05
2018-02-13,21675219499,920.11,2e-05
2018-02-14,22501126990,927.95,2.1e-05
2018-02-15,21565784189,938.02,2e-05
2018-02-16,21590561665,974.77,2.1e-05
2018-02-17,21836733413,913.9,2e-05
2018-02-18,23119908681,939.79,2.2e-05
2018-02-19,19905796465,885.52,1.8e-05
2018-02-20,20246730594,840.1,1.7e-05
2018-02-21,19358082715,804.63,1.6e-05
2018-02-22,17902757911,854.7,1.5e-05
2018-02-23,18833737841,833.49,1.6e-05
2018-02-24,19384760070,840.28,1.6e-05
2018-02-25,16760068675,867.62,1.5e-05
2018-02-26,17771487138,871.1,1.5e-05
2018-02-27,17894714377,853.31,1.5e-05
2018-02-28,20187807483,872.05,1.8e-05
2018-03-01,18473527342,857.06,1.6e-05
2018-03-02,20451455718,855.89,1.8e-05
2018-03-03,16322757085,867.2,1.4e-05
2018-03-04,17306576278,845.58,1.5e-05
2018-03-05,19642692604,815.14,1.6e-05
2018-03-06,18179260115,751.13,1.4e-05
2018-03-07,19767121442,698.83,1.4e-05
2018-03-08,18357044883,726.92,1.3e-05
2018-03-09,17752199400,682.3,1.2e-05
2018-03-10,14790736580,720.36,1.1e-05
2018-03-11,13799398206,697.02,1e-05
2018-03-12,15351654962,689.96,1.1e-05
2018-03-13,13206717876,613.15,8e-06
2018-03-14,14203805847,610.56,9e-06
2018-03-15,14353164971,600.53,9e-06
2018-03-16,16340801409,549.79,9e-06
2018-03-17,12252599210,537.38,7e-06
2018-03-18,12747853336,555.55,7e-06
2018-03-19,13093728143,557.57,7e-06
2018-03-20,13429840214,559.91,8e-06
2018-03-21,14142299137,539.89,8e-06
2018-03-22,14406721931,543.83,8e-06
2018-03-23,15620447607,520.16,8e-06
2018-03-24,13781856544,523.01,7e-06
2018-03-25,13537750854,486.25,7e-06
2018-03-26,18175711428,448.78,8e-06
2018-03-27,14361185569,445.93,6e-06
2018-03-28,14632876426,383.9,6e-06
2018-03-29,15636728747,393.82,6e-06
2018-03-30,12774734071,394.07,5e-06
2018-03-31,11477477292,378.85,4e-06
2018-04-01,11102468465,384.68,4e-06
2018-04-02,12126196454,415.93,5e-06
2018-04-03,12293014582,378.65,5e-06
2018-04-04,10971643800,381.36,4e-06
2018-04-05,15470303694,370.35,6e-06
2018-04-06,13576704140,384.98,5e-06
2018-04-07,10753965447,400.72,4e-06
2018-04-08,10486377770,399.02,4e-06
2018-04-09,11897226799,415.65,5e-06
2018-04-10,12186519151,430.42,5e-06
2018-04-11,12413186820,493.95,6e-06
2018-04-12,13472050250,494.96,7e-06
2018-04-13,15622290969,502.79,8e-06
2018-04-14,12185010900,534.15,7e-06
2018-04-15,11501339825,511.67,6e-06
2018-04-16,11892614029,503.03,6e-06
2018-04-17,12173043612,525.78,6e-06
2018-04-18,14288533754,567.25,8e-06
2018-04-19,12808754360,617.16,8e-06
2018-04-20,12534360242,605.17,8e-06
2018-04-21,11341532081,621.33,7e-06
2018-04-22,11663977885,644.13,8e-06
2018-04-23,12244561688,703.35,9e-06
2018-04-24,14321823448,617.73,9e-06
2018-04-25,13557508252,661.45,9e-06
2018-04-26,14271989942,643.33,9e-06
2018-04-27,14685431596,683.02,1e-05
2018-04-28,17582460945,689.31,1.2e-05
2018-04-29,15442471407,670.04,1e-05
2018-04-30,16262401104,670.81,1.1e-05
2018-05-01,14281953004,686.74,1e-05
2018-05-02,14722424091,777.62,1.1e-05
2018-05-03,16368874314,784.21,1.3e-05
2018-05-04,14696638866,816.58,1.2e-05
2018-05-05,13440494470,790.39,1.1e-05
2018-05-06,13668120194,752.4,1e-05
2018-05-07,13631658303,747.79,1e-05
2018-05-08,16204375940,751.27,1.2e-05
2018-05-09,15052534314,723.61,1.1e-05
2018-05-10,18434177249,677.8,1.2e-05
2018-05-11,18760220475,683.64,1.3e-05
2018-05-12,13466355305,729.34,1e-05
2018-05-13,14402165925,727.41,1e-05
2018-05-14,18385997794,705.64,1.3e-05
2018-05-15,18370030387,706.72,1.3e-05
2018-05-16,18298682673,668.38,1.2e-05
2018-05-17,18994356610,693.57,1.3e-05
2018-05-18,18721721358,696.05,1.3e-05
2018-05-19,17766897892,715.15,1.3e-05
2018-05-20,16896601978,699.84,1.2e-05
2018-05-21,17929703654,640.84,1.1e-05
2018-05-22,19404072640,577.01,1.1e-05
2018-05-23,19763806846,602.59,1.2e-05
2018-05-24,18505927074,584.77,1.1e-05
2018-05-25,18300433853,585.76,1.1e-05
2018-05-26,15815615114,569.64,9e-06
2018-05-27,14776104835,512.03,8e-06
2018-05-28,21322427757,566.59,1.2e-05
2018-05-29,21228260655,557.12,1.2e-05
2018-05-30,21433398617,577.23,1.2e-05
2018-05-31,26020776841,579.01,1.5e-05
2018-06-01,22281817392,590.53,1.3e-05
2018-06-02,16102612105,619.04,1e-05
2018-06-03,15436188157,591.31,9e-06
2018-06-04,19065322604,608.23,1.2e-05
2018-06-05,17186633256,606.3,1e-05
2018-06-06,19741822241,604.44,1.2e-05
2018-06-07,16981460044,600.67,1e-05
2018-06-08,15945608934,594.86,9e-06
2018-06-09,12618229591,524.74,7e-06
2018-06-10,12552615017,531.15,7e-06
2018-06-11,13950267534,494.53,7e-06
2018-06-12,14048931400,476.3,7e-06
2018-06-13,14416451849,519.83,7e-06
2018-06-14,15916958110,487.51,8e-06
2018-06-15,16804997297,497.22,8e-06
2018-06-16,24848435239,496.93,1.2e-05
2018-06-17,11225914551,517.63,6e-06
2018-06-18,11823977189,538.45,6e-06
2018-06-19,14427312991,536.16,8e-06
2018-06-20,13472257819,525.76,7e-06
2018-06-21,13047918845,462.16,6e-06
2018-06-22,38878511772,474.18,1.8e-05
2018-06-23,14029394940,455.25,6e-06
2018-06-24,16163435399,458.82,7e-06
2018-06-25,15637044897,429.58,7e-06
2018-06-26,12011100131,441.75,5e-06
2018-06-27,12446563365,420.72,5e-06
2018-06-28,11696277117,435.25,5e-06
2018-06-29,12115784768,453.42,5e-06
2018-06-30,34210516007,451.09,1.5e-05
2018-07-01,59842298209,476.58,2.9e-05
2018-07-02,86348485003,461.95,4e-05
2018-07-03,82063750329,467.19,3.8e-05
2018-07-04,59083789609,467.55,2.8e-05
2018-07-05,48722316331,469.93,2.3e-05
2018-07-06,70207114167,485.81,3.4e-05
2018-07-07,60236707195,486.19,2.9e-05
2018-07-08,35585852337,471.48,1.7e-05
2018-07-09,25829787141,432.69,1.1e-05
2018-07-10,21324119980,445.59,1e-05
2018-07-11,19054597794,431.12,8e-06
2018-07-12,29189063475,432.97,1.3e-05
2018-07-13,29846792155,434.42,1.3e-05
2018-07-14,57677945355,450.34,2.6e-05
2018-07-15,48216188725,480.2,2.3e-05
2018-07-16,18562899613,499.83,9e-06
2018-07-17,17548648323,479.85,8e-06
2018-07-18,15413432909,468.91,7e-06
2018-07-19,13033482562,449.13,6e-06
2018-07-20,15878840129,461.13,7e-06
2018-07-21,15826395751,457.98,7e-06
2018-07-22,11032570831,449.73,5e-06
2018-07-23,15546838989,478.39,7e-06
2018-07-24,15414715967,471.99,7e-06
2018-07-25,13351179160,462.98,6e-06
2018-07-26,12324821471,469.94,6e-06
2018-07-27,10745209264,468.75,5e-06
2018-07-28,11542424148,466.3,5e-06
2018-07-29,9257167474,456.22,4e-06
2018-07-30,10934695303,431.71,5e-06
2018-07-31,11023798202,419.87,5e-06
2018-08-01,36681296496,411.36,1.5e-05
2018-08-02,10200915813,417.76,4e-06
2018-08-03,10514159674,407.32,4e-06
2018-08-04,9924637420,409.37,4e-06
2018-08-05,8072326506,405.7,3e-06
2018-08-06,12535927147,378.32,5e-06
2018-08-07,25250639628,355.57,9e-06
2018-08-08,57398987243,364.33,2.1e-05
2018-08-09,53118840657,332.28,1.8e-05
2018-08-10,34476266415,318.62,1.1e-05
2018-08-11,14836056985,318.55,5e-06
2018-08-12,10976239504,284.03,3e-06
2018-08-13,14813774854,278.31,4e-06
2018-08-14,16051359286,281.24,5e-06
2018-08-15,15051933577,286.8,4e-06
2018-08-16,12638796914,317.57,4e-06
2018-08-17,39211744629,294.85,1.2e-05
2018-08-18,16113373784,300.53,5e-06
2018-08-19,14361319521,271.61,4e-06
2018-08-20,12426913415,281.78,4e-06
2018-08-21,13046942385,270.37,4e-06
2018-08-22,17019976734,276.66,5e-06
2018-08-23,14051914381,282.04,4e-06
2018-08-24,21501969162,278.22,6e-06
2018-08-25,11428670781,274.81,3e-06
2018-08-26,16106529314,287.9,5e-06
2018-08-27,12387120423,296.21,4e-06
2018-08-28,12808584631,289.2,4e-06
2018-08-29,17290135695,284.57,5e-06
2018-08-30,13559213793,282.06,4e-06
2018-08-31,14419214330,295.77,4e-06
2018-09-01,11043181909,295.12,3e-06
2018-09-02,10276825820,289.42,3e-06
2018-09-03,12111122355,285.73,3e-06
2018-09-04,13885223845,228.27,3e-06
2018-09-05,12606166478,229.52,3e-06
2018-09-06,14951867224,215.69,3e-06
2018-09-07,14734121984,197.23,3e-06
2018-09-08,12166983189,195.99,2e-06
2018-09-09,12538460676,197.2,2e-06
2018-09-10,13452874427,185.15,2e-06
2018-09-11,15682663024,183.03,3e-06
2018-09-12,16182751014,211.27,3e-06
2018-09-13,16645393282,208.87,3e-06
2018-09-14,14645624925,221.63,3e-06
2018-09-15,13261799419,220.12,3e-06
2018-09-16,13161379589,196.04,3e-06
2018-09-17,15406825205,208.39,3e-06
2018-09-18,25201881762,209.78,5e-06
2018-09-19,19871422869,224.76,4e-06
2018-09-20,15892963469,247.69,4e-06
2018-09-21,18242050701,240.79,4e-06
2018-09-22,14429730599,244.51,4e-06
2018-09-23,13141149214,228.05,3e-06
2018-09-24,16838604807,219.2,4e-06
2018-09-25,16972035503,214.21,4e-06
2018-09-26,16344658408,229.09,4e-06
2018-09-27,16744302672,221.56,4e-06
2018-09-28,18138439166,231.32,4e-06
2018-09-29,21874799566,232.82,5e-06
2018-09-30,16556363668,230.96,4e-06
2018-10-01,18941010255,225.59,4e-06
2018-10-02,19034870185,220.02,4e-06
2018-10-03,13248714205,222.2,3e-06
2018-10-04,13254100643,228.17,3e-06
2018-10-05,13568425987,225.05,3e-06
2018-10-06,9435830094,226.02,2e-06
2018-10-07,11769350664,229.23,3e-06
2018-10-08,14576687784,227.67,3e-06
2018-10-09,12984496071,225.2,3e-06
2018-10-10,15893091379,189.83,3e-06
2018-10-11,15385072382,195.71,3e-06
2018-10-12,29285035983,199.3,6e-06
2018-10-13,11594824099,194.92,2e-06
2018-10-14,11723908779,210.8,2e-06
2018-10-15,15629941859,209.67,3e-06
2018-10-16,12735518129,207.75,3e-06
2018-10-17,13443082264,202.25,3e-06
2018-10-18,13150134317,203.01,3e-06
2018-10-19,13701804233,204.97,3e-06
2018-10-20,13289407017,205.0,3e-06
2018-10-21,12030570166,203.64,2e-06
2018-10-22,13162272626,203.29,3e-06
2018-10-23,14521834338,202.58,3e-06
2018-10-24,15173388388,201.7,3e-06
2018-10-25,16014791521,202.43,3e-06
2018-10-26,16417658883,203.29,3e-06
2018-10-27,14137366445,204.54,3e-06
2018-10-28,12960915217,195.92,3e-06
2018-10-29,14943596679,196.65,3e-06
2018-10-30,14925838057,198.02,3e-06
2018-10-31,14904469017,198.97,3e-06
2018-11-01,14202259616,201.11,3e-06
2018-11-02,15183112207,199.9,3e-06
2018-11-03,16145620959,211.54,3e-06
2018-11-04,13064568368,209.55,3e-06
2018-11-05,16749446191,219.34,4e-06
2018-11-06,17333551729,217.44,4e-06
2018-11-07,16337162082,211.69,3e-06
2018-11-08,18892302279,209.52,4e-06
2018-11-09,15752819992,212.04,3e-06
2018-11-10,12031282399,211.66,3e-06
2018-11-11,10621852227,210.31,2e-06
2018-11-12,14368146227,205.9,3e-06
2018-11-13,15059123069,182.72,3e-06
2018-11-14,17416039750,181.53,3e-06
2018-11-15,18474728790,174.96,3e-06
2018-11-16,16120812190,174.47,3e-06
2018-11-17,13275250100,177.39,2e-06
2018-11-18,14895978165,148.22,2e-06
2018-11-19,17028262287,130.74,2e-06
2018-11-20,17960754304,136.5,2e-06
2018-11-21,15269813534,125.08,2e-06
2018-11-22,15007551180,123.37,2e-06
2018-11-23,15807815573,112.66,2e-06
2018-11-24,15420458863,116.75,2e-06
2018-11-25,16305637620,108.87,2e-06
2018-11-26,16319129861,109.87,2e-06
2018-11-27,14675345264,122.88,2e-06
2018-11-28,16292970940,117.76,2e-06
2018-11-29,20346219794,112.91,2e-06
2018-11-30,22652461526,118.24,3e-06
2018-12-01,17360683398,116.24,2e-06
2018-12-02,15744999974,108.32,2e-06
2018-12-03,17352151387,109.77,2e-06
2018-12-04,17192821913,101.85,2e-06
2018-12-05,17707618986,90.43,2e-06
2018-12-06,16361316325,93.61,2e-06
2018-12-07,16593133453,91.68,2e-06
2018-12-08,12334654966,94.49,1e-06
2018-12-09,11985499611,90.77,1e-06
2018-12-10,13943396527,88.32,1e-06
2018-12-11,14800362183,90.38,1e-06
2018-12-12,14460515241,86.4,1e-06
2018-12-13,17612949432,84.12,1e-06
2018-12-14,29183615469,84.3,2e-06
2018-12-15,12752651260,85.39,1e-06
2018-12-16,11777989321,95.06,1e-06
2018-12-17,13823213704,101.93,1e-06
2018-12-18,31672019232,100.63,3e-06
2018-12-19,15897547045,116.43,2e-06
2018-12-20,15781758963,109.4,2e-06
2018-12-21,15818617345,117.72,2e-06
2018-12-22,14021469358,131.45,2e-06
2018-12-23,14622664850,140.87,2e-06
2018-12-24,16608758417,130.99,2e-06
2018-12-25,14765402060,131.71,2e-06
2018-12-26,24477635489,116.72,3e-06
2018-12-27,13530493595,139.73,2e-06
2018-12-28,14151079675,137.04,2e-06
2018-12-29,12984151825,141.04,2e-06
2018-12-30,15843483124,133.14,2e-06
2018-12-31,13844116120,141.9,2e-06
2019-01-01,14330651283,156.1,2e-06
2019-01-02,13518333631,149.1,2e-06
2019-01-03,12695511480,156.04,2e-06
2019-01-04,14197164275,156.22,2e-06
2019-01-05,24120227063,158.29,4e-06
2019-01-06,13443565864,152.25,2e-06
2019-01-07,15727137336,150.68,2e-06
2019-01-08,13679045245,151.21,2e-06
2019-01-09,13525936033,127.96,2e-06
2019-01-10,15364969669,126.99,2e-06
2019-01-11,13631672273,126.05,2e-06
2019-01-12,12182668844,116.66,1e-06
2019-01-13,12299362181,129.71,2e-06
2019-01-14,19179700938,121.38,2e-06
2019-01-15,18403886289,123.31,2e-06
2019-01-16,20629866067,124.05,3e-06
2019-01-17,13639170146,120.79,2e-06
2019-01-18,14390713391,124.8,2e-06
2019-01-19,12427478085,118.48,1e-06
2019-01-20,12387866392,117.12,1e-06
2019-01-21,13567626739,118.83,2e-06
2019-01-22,18561474026,117.09,2e-06
2019-01-23,13308904468,117.28,2e-06
2019-01-24,14394162195,115.73,2e-06
2019-01-25,13857565780,116.38,2e-06
2019-01-26,12616710414,112.59,1e-06
2019-01-27,11788620538,106.02,1e-06
2019-01-28,15213901906,104.74,2e-06
2019-01-29,12439032644,108.52,1e-06
2019-01-30,13051979777,106.46,1e-06
2019-01-31,14209971121,106.72,2e-06
2019-02-01,13234562600,110.56,1e-06
2019-02-02,12000569516,107.04,1e-06
2019-02-03,11637460620,106.61,1e-06
2019-02-04,12082194503,106.57,1e-06
2019-02-05,12593215644,104.26,1e-06
2019-02-06,12593166346,103.69,1e-06
2019-02-07,14057368181,119.24,2e-06
2019-02-08,13310836398,118.84,2e-06
2019-02-09,12390959208,125.22,2e-06
2019-02-10,12847065310,120.26,2e-06
2019-02-11,13977805236,121.87,2e-06
2019-02-12,13012487105,121.73,2e-06
2019-02-13,13713241302,120.44,2e-06
2019-02-14,19148327564,120.71,2e-06
2019-02-15,14753437258,122.62,2e-06
2019-02-16,13510079150,133.99,2e-06
2019-02-17,13757940835,146.29,2e-06
2019-02-18,17094399315,144.06,2e-06
2019-02-19,373905995022,148.87,5.6e-05
2019-02-20,16098676684,145.55,2e-06
2019-02-21,15306757881,148.19,2e-06
2019-02-22,14913439608,158.99,2e-06
2019-02-23,14039107293,133.21,2e-06
2019-02-24,16251853700,138.52,2e-06
2019-02-25,17020990610,136.68,2e-06
2019-02-26,17415861033,135.45,2e-06
2019-02-27,16334617513,135.69,2e-06
2019-02-28,18834674068,135.56,3e-06
2019-03-01,12974077284,133.23,2e-06
2019-03-02,12153807142,130.72,2e-06
2019-03-03,12061882513,126.19,2e-06
2019-03-04,12666122902,137.26,2e-06
2019-03-05,13496902482,137.83,2e-06
2019-03-06,14045984060,137.09,2e-06
2019-03-07,13740882181,133.72,2e-06
2019-03-08,13479470622,137.46,2e-06
2019-03-09,11957111022,135.89,2e-06
2019-03-10,12106103256,132.75,2e-06
2019-03-11,12484460496,133.69,2e-06
2019-03-12,12238102548,132.14,2e-06
2019-03-13,11704565023,132.28,2e-06
2019-03-14,11052545157,136.66,2e-06
2019-03-15,11016047852,141.71,2e-06
2019-03-16,10383394399,139.21,1e-06
2019-03-17,14577386112,137.66,2e-06
2019-03-18,195879275790,138.83,2.7e-05
2019-03-19,13115885101,139.51,2e-06
2019-03-20,12179174942,135.34,2e-06
2019-03-21,13904796043,136.47,2e-06
2019-03-22,12584442788,137.25,2e-06
2019-03-23,10993968628,136.2,1e-06
2019-03-24,11003609358,133.55,1e-06
2019-03-25,12549223821,134.0,2e-06
2019-03-26,13059718677,139.71,2e-06
2019-03-27,13596847307,138.17,2e-06
2019-03-28,12197114669,143.49,2e-06
2019-03-29,12576130900,142.57,2e-06
2019-03-30,10413550419,141.81,1e-06
2019-03-31,10558447429,141.52,1e-06
2019-04-01,12552870066,165.02,2e-06
2019-04-02,13857811373,161.19,2e-06
2019-04-03,16783552076,157.77,3e-06
2019-04-04,13718910474,166.31,2e-06
2019-04-05,11844298751,165.98,2e-06
2019-04-06,10759382633,175.23,2e-06
2019-04-07,11332764771,180.74,2e-06
2019-04-08,12537949552,176.27,2e-06
2019-04-09,12040035380,177.43,2e-06
2019-04-10,15258127612,165.14,3e-06
2019-04-11,12499489602,164.34,2e-06
2019-04-12,11673635693,164.11,2e-06
2019-04-13,10652876605,168.19,2e-06
2019-04-14,10388886423,160.29,2e-06
2019-04-15,10617255578,166.65,2e-06
2019-04-16,10784749556,166.83,2e-06
2019-04-17,11272692912,174.19,2e-06
2019-04-18,11933245058,173.91,2e-06
2019-04-19,11036616753,173.95,2e-06
2019-04-20,8988625935,170.1,2e-06
2019-04-21,9504825894,171.77,2e-06
2019-04-22,10745867154,170.6,2e-06
2019-04-23,11225045012,166.04,2e-06
2019-04-24,12141527708,152.97,2e-06
2019-04-25,10528010066,155.61,2e-06
2019-04-26,12095560071,157.09,2e-06
2019-04-27,9632992552,156.75,2e-06
2019-04-28,9399212617,155.1,1e-06
2019-04-29,10356343230,162.66,2e-06
2019-04-30,10119622328,160.45,2e-06
2019-05-01,9786414125,162.05,2e-06
2019-05-02,40480290586,167.42,7e-06
2019-05-03,10997063020,163.87,2e-06
2019-05-04,10092628539,163.45,2e-06
2019-05-05,9698121519,173.08,2e-06
2019-05-06,10589774139,168.36,2e-06
2019-05-07,12582212961,171.26,2e-06
2019-05-08,10988087035,170.41,2e-06
2019-05-09,10636414510,172.44,2e-06
2019-05-10,11387738585,192.73,2e-06
2019-05-11,10905004770,188.19,2e-06
2019-05-12,10835160355,196.02,2e-06
2019-05-13,13689484729,217.3,3e-06
2019-05-14,13338733306,248.62,3e-06
2019-05-15,16275386400,264.57,4e-06
2019-05-16,21005575115,244.75,5e-06
2019-05-17,18212850135,234.04,4e-06
2019-05-18,14709151796,260.71,4e-06
2019-05-19,14046405891,252.43,4e-06
2019-05-20,15523993957,254.73,4e-06
2019-05-21,12949937514,243.6,3e-06
2019-05-22,16439389013,245.51,4e-06
2019-05-23,14469157604,249.65,4e-06
2019-05-24,15059891209,251.61,4e-06
2019-05-25,12137206615,267.98,3e-06
2019-05-26,10795166754,271.9,3e-06
2019-05-27,14709981473,271.16,4e-06
2019-05-28,15120065441,269.38,4e-06
2019-05-29,16609583268,254.66,4e-06
2019-05-30,17362707848,267.81,5e-06
2019-05-31,15875042148,264.63,4e-06
2019-06-01,13503119540,269.3,4e-06
2019-06-02,10838097166,249.85,3e-06
2019-06-03,13640935323,241.0,3e-06
2019-06-04,14336552294,246.2,4e-06
2019-06-05,14726678555,249.45,4e-06
2019-06-06,12778204456,249.68,3e-06
2019-06-07,13551596264,244.52,3e-06
2019-06-08,17865004622,231.44,4e-06
2019-06-09,11772205947,247.93,3e-06
2019-06-10,18767554680,245.28,5e-06
2019-06-11,15302451335,262.96,4e-06
2019-06-12,10704744804,255.22,3e-06
2019-06-13,12498549026,263.77,3e-06
2019-06-14,14507586823,269.06,4e-06
2019-06-15,16655327552,268.48,4e-06
2019-06-16,11744583227,274.01,3e-06
2019-06-17,18033291141,264.55,5e-06
2019-06-18,14140107747,268.95,4e-06
2019-06-19,15149051110,271.9,4e-06
2019-06-20,19171082160,295.94,6e-06
2019-06-21,13132476474,309.57,4e-06
2019-06-22,13079405563,307.22,4e-06
2019-06-23,12904678821,311.1,4e-06
2019-06-24,14343913979,316.17,5e-06
2019-06-25,18442820009,334.45,6e-06
2019-06-26,18226501386,293.91,5e-06
2019-06-27,20536617245,309.62,6e-06
2019-06-28,17836887762,317.78,6e-06
2019-06-29,14969393891,290.55,4e-06
2019-06-30,16147637271,294.14,5e-06
2019-07-01,19512205713,291.6,6e-06
2019-07-02,15735865298,302.18,5e-06
2019-07-03,13480141945,282.93,4e-06
2019-07-04,12364123019,288.02,4e-06
2019-07-05,14987264501,287.97,4e-06
2019-07-06,14142027457,306.48,4e-06
2019-07-07,11147195619,313.18,3e-06
2019-07-08,15397601493,308.14,5e-06
2019-07-09,13383300658,288.81,4e-06
2019-07-10,12326418288,268.49,3e-06
2019-07-11,17687551350,275.47,5e-06
2019-07-12,13888489542,268.99,4e-06
2019-07-13,11680585984,226.64,3e-06
2019-07-14,14577611095,228.18,3e-06
2019-07-15,14426857237,198.65,3e-06
2019-07-16,22122486062,211.38,5e-06
2019-07-17,19083353124,225.85,4e-06
2019-07-18,13195635523,221.3,3e-06
2019-07-19,17348942255,228.75,4e-06
2019-07-20,11840097601,225.39,3e-06
2019-07-21,12479706324,217.15,3e-06
2019-07-22,12142840638,211.86,3e-06
2019-07-23,13450918814,216.55,3e-06
2019-07-24,18814448444,219.09,4e-06
2019-07-25,17932204080,219.3,4e-06
2019-07-26,12838413297,207.2,3e-06
2019-07-27,11947823376,211.13,3e-06
2019-07-28,10847884346,210.86,2e-06
2019-07-29,12397806559,210.14,3e-06
2019-07-30,12981815912,218.63,3e-06
2019-07-31,13135247596,217.56,3e-06
2019-08-01,18322408906,217.74,4e-06
2019-08-02,14823555455,222.14,3e-06
2019-08-03,17617275530,222.76,4e-06
2019-08-04,10409458393,233.33,2e-06
2019-08-05,12210509054,226.02,3e-06
2019-08-06,12165349434,226.07,3e-06
2019-08-07,11738350907,221.08,3e-06
2019-08-08,12955325988,210.37,3e-06
2019-08-09,13282666611,206.0,3e-06
2019-08-10,12206554100,216.2,3e-06
2019-08-11,11603713466,211.35,2e-06
2019-08-12,12880972727,208.74,3e-06
2019-08-13,18843208007,186.49,4e-06
2019-08-14,12123884054,188.13,2e-06
2019-08-15,14148150754,185.35,3e-06
2019-08-16,12115168092,185.61,2e-06
2019-08-17,10569108357,194.75,2e-06
2019-08-18,11034378823,202.39,2e-06
2019-08-19,13799990972,196.78,3e-06
2019-08-20,13732033156,187.23,3e-06
2019-08-21,16137663683,190.46,3e-06
2019-08-22,14728994674,194.47,3e-06
2019-08-23,13885136910,191.02,3e-06
2019-08-24,12922493779,186.61,2e-06
2019-08-25,13825531935,188.43,3e-06
2019-08-26,17091718069,187.13,3e-06
2019-08-27,14643027992,172.97,3e-06
2019-08-28,14687429096,168.97,2e-06
2019-08-29,14972039939,168.54,3e-06
2019-08-30,14683175769,172.18,3e-06
2019-08-31,14081874858,171.34,2e-06
2019-09-01,14737729279,178.77,3e-06
2019-09-02,15926990579,179.03,3e-06
2019-09-03,14923674985,174.97,3e-06
2019-09-04,14800053906,173.65,3e-06
2019-09-05,18537447007,169.08,3e-06
2019-09-06,18511322392,178.15,3e-06
2019-09-07,17638675225,181.74,3e-06
2019-09-08,18529952052,180.72,3e-06
2019-09-09,20493754439,179.95,4e-06
2019-09-10,21909433505,178.29,4e-06
2019-09-11,21354287415,181.05,4e-06
2019-09-12,22875111264,181.52,4e-06
2019-09-13,22002957173,188.65,4e-06
2019-09-14,22838238246,189.24,4e-06
2019-09-15,22247768825,197.63,4e-06
2019-09-16,22828478879,207.85,5e-06
2019-09-17,26408295258,210.38,6e-06
2019-09-18,28400755958,221.04,6e-06
2019-09-19,29790611153,218.18,6e-06
2019-09-20,28547468411,215.25,6e-06
2019-09-21,23160146334,211.28,5e-06
2019-09-22,20620710292,200.97,4e-06
2019-09-23,25273983935,166.66,4e-06
2019-09-24,29005803910,170.38,5e-06
2019-09-25,34523331716,166.1,6e-06
2019-09-26,24844463848,174.28,4e-06
2019-09-27,25309113745,173.93,4e-06
2019-09-28,22571983572,169.69,4e-06
2019-09-29,23509644437,181.34,4e-06
2019-09-30,21698036057,176.44,4e-06
2019-10-01,14792630237,181.09,3e-06
2019-10-02,14784178819,175.15,3e-06
2019-10-03,16416641528,176.1,3e-06
2019-10-04,16620612726,177.1,3e-06
2019-10-05,15308020009,170.35,3e-06
2019-10-06,13863525470,180.4,3e-06
2019-10-07,14672557297,181.04,3e-06
2019-10-08,14792097829,193.43,3e-06
2019-10-09,16947877071,191.96,3e-06
2019-10-10,15841678706,180.88,3e-06
2019-10-11,15370015405,180.06,3e-06
2019-10-12,14536181143,181.52,3e-06
2019-10-13,15214219663,187.1,3e-06
2019-10-14,15219524599,180.72,3e-06
2019-10-15,15110469830,174.95,3e-06
2019-10-16,14449734443,177.41,3e-06
2019-10-17,14111516782,173.4,2e-06
2019-10-18,14295776270,172.31,2e-06
2019-10-19,14181262788,175.83,2e-06
2019-10-20,15579342674,174.33,3e-06
2019-10-21,15275793403,171.38,3e-06
2019-10-22,16354366795,162.53,3e-06
2019-10-23,18828418999,161.02,3e-06
2019-10-24,15247927380,181.66,3e-06
2019-10-25,16022315848,179.9,3e-06
2019-10-26,16003775608,184.23,3e-06
2019-10-27,14662908845,182.14,3e-06
2019-10-28,16063415762,191.02,3e-06
2019-10-29,16275212916,183.31,3e-06
2019-10-30,16158350778,182.51,3e-06
2019-10-31,15988367551,183.45,3e-06
2019-11-01,15357755865,183.26,3e-06
2019-11-02,14245599208,182.03,3e-06
2019-11-03,14596844718,186.26,3e-06
2019-11-04,15086847398,188.99,3e-06
2019-11-05,14471734891,191.25,3e-06
2019-11-06,13890291945,186.47,3e-06
2019-11-07,17205356282,183.6,3e-06
2019-11-08,14143518466,185.18,3e-06
2019-11-09,14334783126,189.33,3e-06
2019-11-10,13888122126,184.74,3e-06
2019-11-11,14764625146,187.06,3e-06
2019-11-12,14527702801,188.02,3e-06
2019-11-13,14942230244,184.73,3e-06
2019-11-14,15987898238,179.96,3e-06
2019-11-15,14426485520,182.64,3e-06
2019-11-16,13100698613,184.1,2e-06
2019-11-17,13599253833,178.14,2e-06
2019-11-18,21613413943,175.93,4e-06
2019-11-19,14275368805,174.66,2e-06
2019-11-20,15039835571,161.12,2e-06
2019-11-21,17827294565,150.0,3e-06
2019-11-22,23870653045,152.44,4e-06
2019-11-23,13470958455,140.47,2e-06
2019-11-24,13759387353,146.33,2e-06
2019-11-25,20123981060,147.7,3e-06
2019-11-26,16321234587,153.04,2e-06
2019-11-27,14460479877,151.23,2e-06
2019-11-28,14616747830,155.08,2e-06
2019-11-29,13456025432,152.04,2e-06
2019-11-30,13169970955,151.23,2e-06
2019-12-01,16157752499,149.2,2e-06
2019-12-02,15214773817,147.66,2e-06
2019-12-03,13985120429,145.67,2e-06
2019-12-04,13990237704,148.36,2e-06
2019-12-05,13294192486,149.06,2e-06
2019-12-06,13469631277,147.52,2e-06
2019-12-07,12143075170,150.94,2e-06
2019-12-08,9619578683,147.53,1e-06
2019-12-09,11586206259,145.76,2e-06
2019-12-10,12196873088,143.37,2e-06
2019-12-11,13193611413,144.85,2e-06
2019-12-12,12094101016,144.87,2e-06
2019-12-13,12025417709,142.03,2e-06
2019-12-14,11649625168,142.72,2e-06
2019-12-15,12379589133,132.91,2e-06
2019-12-16,13569145225,122.23,2e-06
2019-12-17,15434108069,133.13,2e-06
2019-12-18,16536921861,128.22,2e-06
2019-12-19,12757474902,128.44,2e-06
2019-12-20,12994689673,127.44,2e-06
2019-12-21,11587579022,132.31,2e-06
2019-12-22,11038288256,128.0,1e-06
2019-12-23,12723118611,127.86,2e-06
2019-12-24,11744086945,124.97,1e-06
2019-12-25,11924668484,125.62,1e-06
2019-12-26,11931708420,126.36,2e-06
2019-12-27,12102235247,128.18,2e-06
2019-12-28,11826353778,134.67,2e-06
2019-12-29,11250754288,131.45,1e-06
2019-12-30,11988751334,129.02,2e-06
2019-12-31,14031976089,130.57,2e-06
2020-01-01,11664054350,127.05,1e-06
2020-01-02,10566318855,134.24,1e-06
2020-01-03,11494907509,134.2,2e-06
2020-01-04,9665112896,135.5,1e-06
2020-01-05,9764148415,144.15,1e-06
2020-01-06,10997805904,142.89,2e-06
2020-01-07,10476977187,140.47,1e-06
2020-01-08,11402214882,137.74,2e-06
2020-01-09,10881434074,144.8,2e-06
2020-01-10,12318556369,142.52,2e-06
2020-01-11,11171702430,146.37,2e-06
2020-01-12,10928063165,143.49,2e-06
2020-01-13,11068867087,165.66,2e-06
2020-01-14,15755682033,166.04,3e-06
2020-01-15,11175554900,164.1,2e-06
2020-01-16,9897575973,169.98,2e-06
2020-01-17,10666145544,173.91,2e-06
2020-01-18,10821750721,166.92,2e-06
2020-01-19,10370811614,166.64,2e-06
2020-01-20,9628463648,169.09,2e-06
2020-01-21,9526614167,167.97,2e-06
2020-01-22,9941370322,162.51,2e-06
2020-01-23,8959850620,162.4,1e-06
2020-01-24,8301467582,160.66,1e-06
2020-01-25,7514852406,167.66,1e-06
2020-01-26,7320700832,169.7,1e-06
2020-01-27,8606813919,175.82,2e-06
2020-01-28,8449745457,173.47,1e-06
2020-01-29,8556877569,184.42,2e-06
2020-01-30,9069894645,179.65,2e-06
2020-01-31,8965856518,183.65,2e-06
2020-02-01,9214472279,188.37,2e-06
2020-02-02,9053826022,189.68,2e-06
2020-02-03,9835898300,188.39,2e-06
2020-02-04,11701932888,203.86,2e-06
2020-02-05,12407461484,212.87,3e-06
2020-02-06,12978312165,223.24,3e-06
2020-02-07,13091705996,223.21,3e-06
2020-02-08,11679918227,228.65,3e-06
2020-02-09,11228783936,223.19,3e-06
2020-02-10,11353255565,237.74,3e-06
2020-02-11,11193602823,265.94,3e-06
2020-02-12,12709993893,268.52,3e-06
2020-02-13,13279071654,285.64,4e-06
2020-02-14,12617650524,264.67,3e-06
2020-02-15,13115693731,259.95,3e-06
2020-02-16,12554000920,267.5,3e-06
2020-02-17,11971133911,283.08,3e-06
2020-02-18,11188045875,258.79,3e-06
2020-02-19,12083070512,257.71,3e-06
2020-02-20,12008669668,265.62,3e-06
2020-02-21,9495219870,262.1,2e-06
2020-02-22,10362297210,275.58,3e-06
2020-02-23,12958605117,265.86,3e-06
2020-02-24,12107326473,246.79,3e-06
2020-02-25,11691532540,223.97,3e-06
2020-02-26,14289989019,227.59,3e-06
2020-02-27,11864912418,227.75,3e-06
2020-02-28,11792525152,217.91,3e-06
2020-02-29,9999559185,218.27,2e-06
2020-03-01,10366775236,232.09,2e-06
2020-03-02,10060971157,223.96,2e-06
2020-03-03,10710921879,224.87,2e-06
2020-03-04,10913931285,228.78,2e-06
2020-03-05,11518999227,245.68,3e-06
2020-03-06,11201545592,237.64,3e-06
2020-03-07,10988477092,199.75,2e-06
2020-03-08,13029367486,203.06,3e-06
2020-03-09,14200494445,200.6,3e-06
2020-03-10,11528169360,194.82,2e-06
2020-03-11,12884305108,110.23,1e-06
2020-03-12,77903244661,135.18,1.1e-05
2020-03-13,84761822515,122.7,1e-05
2020-03-14,16662648149,123.64,2e-06
2020-03-15,14364979897,111.34,2e-06
2020-03-16,29714620709,116.2,3e-06
2020-03-17,18731740624,118.6,2e-06
2020-03-18,15707758551,136.81,2e-06
2020-03-19,18322233968,133.31,2e-06
2020-03-20,16360326781,132.83,2e-06
2020-03-21,12414614632,122.51,2e-06
2020-03-22,12942212470,136.64,2e-06
2020-03-23,14465400762,139.0,2e-06
2020-03-24,13687447647,136.23,2e-06
2020-03-25,13756761814,138.81,2e-06
2020-03-26,13022719834,131.68,2e-06
2020-03-27,12546794673,131.24,2e-06
2020-03-28,11413783523,124.53,1e-06
2020-03-29,11020301161,132.29,1e-06
2020-03-30,11884805218,133.1,2e-06
2020-03-31,13067204139,136.07,2e-06
2020-04-01,12158641023,141.46,2e-06
2020-04-02,13091171982,141.48,2e-06
2020-04-03,12546736213,144.53,2e-06
2020-04-04,10643758163,142.82,2e-06
2020-04-05,10421896817,171.78,2e-06
2020-04-06,14386395350,164.7,2e-06
2020-04-07,13013528020,173.21,2e-06
2020-04-08,11576580760,169.89,2e-06
2020-04-09,12277136032,158.16,2e-06
2020-04-10,12269003782,158.55,2e-06
2020-04-11,11327484697,158.81,2e-06
2020-04-12,9800432922,156.81,2e-06
2020-04-13,11939777888,158.64,2e-06
2020-04-14,12300384022,152.94,2e-06
2020-04-15,11635342378,172.6,2e-06
2020-04-16,15064682211,170.79,3e-06
2020-04-17,12248271015,187.85,2e-06
2020-04-18,12700922618,180.32,2e-06
2020-04-19,12031541144,170.65,2e-06
2020-04-20,13770276031,171.03,2e-06
2020-04-21,13970900436,183.02,3e-06
2020-04-22,14191692798,185.73,3e-06
2020-04-23,14371184956,187.66,3e-06
2020-04-24,13771090303,194.41,3e-06
2020-04-25,12538831783,197.62,2e-06
2020-04-26,13439926391,196.71,3e-06
2020-04-27,13918385493,196.88,3e-06
2020-04-28,13052985766,215.58,3e-06
2020-04-29,18452757606,206.44,4e-06
2020-04-30,23829583393,212.16,5e-06
2020-05-01,13888475283,214.11,3e-06
2020-05-02,11389301751,210.12,2e-06
2020-05-03,12521236484,206.76,3e-06
2020-05-04,14983023765,205.43,3e-06
2020-05-05,15502345363,199.08,3e-06
2020-05-06,17933308369,212.3,4e-06
2020-05-07,20866831524,211.46,4e-06
2020-05-08,20580766613,210.19,4e-06
2020-05-09,17823163632,187.72,3e-06
2020-05-10,30507432603,185.77,6e-06
2020-05-11,24022502727,190.1,5e-06
2020-05-12,27066815386,199.86,5e-06
2020-05-13,32980999573,203.31,7e-06
2020-05-14,41116263713,194.71,8e-06
2020-05-15,32000157331,200.6,6e-06
2020-05-16,25477191550,206.76,5e-06
2020-05-17,27103939904,214.68,6e-06
2020-05-18,36508693750,214.68,8e-06
2020-05-19,33240461791,209.87,7e-06
2020-05-20,36510632877,198.56,7e-06
2020-05-21,48851382307,207.35,1e-05
2020-05-22,35001330711,206.78,7e-06
2020-05-23,22171704727,199.91,4e-06
2020-05-24,29040279475,204.2,6e-06
2020-05-25,38094676834,201.04,8e-06
2020-05-26,37860437126,208.3,8e-06
2020-05-27,42827563449,220.33,9e-06
2020-05-28,39750197752,220.63,9e-06
2020-05-29,34983980235,243.66,9e-06
2020-05-30,33659377964,231.54,8e-06
2020-05-31,28385719806,248.44,7e-06
2020-06-01,32379485381,237.81,8e-06
2020-06-02,36613726636,244.65,9e-06
2020-06-03,29769950061,243.35,7e-06
2020-06-04,31888384257,240.08,8e-06
2020-06-05,32258089816,242.08,8e-06
2020-06-06,38721024282,244.75,9e-06
2020-06-07,40787069912,246.47,1e-05
2020-06-08,41524824461,244.0,1e-05
2020-06-09,37266087486,248.01,9e-06
2020-06-10,581876396895,230.21,0.000134
2020-06-11,709708435545,237.54,0.000169
2020-06-12,35616566860,238.21,8e-06
2020-06-13,29377910098,231.61,7e-06
2020-06-14,24230716812,230.98,6e-06
2020-06-15,43250992524,235.35,1e-05
2020-06-16,40533137609,233.74,9e-06
2020-06-17,42028712404,231.14,1e-05
2020-06-18,38424496007,228.83,9e-06
2020-06-19,39365512466,228.93,9e-06
2020-06-20,29553002666,227.95,7e-06
2020-06-21,29937373565,243.3,7e-06
2020-06-22,41302954545,243.11,1e-05
2020-06-23,45491287860,234.56,1.1e-05
2020-06-24,46589720161,232.35,1.1e-05
2020-06-25,42575132701,229.5,1e-05
2020-06-26,38176707953,220.77,8e-06
2020-06-27,36769845271,224.82,8e-06
2020-06-28,35078209646,227.84,8e-06
2020-06-29,39552762105,225.49,9e-06
2020-06-30,52294541588,231.06,1.2e-05
2020-07-01,47358992980,226.59,1.1e-05
2020-07-02,42603951322,225.12,1e-05
2020-07-03,44742407160,229.19,1e-05
2020-07-04,33268484751,228.03,8e-06
2020-07-05,31655035139,241.81,8e-06
2020-07-06,40437764877,239.39,1e-05
2020-07-07,40907231924,247.02,1e-05
2020-07-08,52093643866,242.15,1.3e-05
2020-07-09,47477907527,241.22,1.1e-05
2020-07-10,38637254876,239.24,9e-06
2020-07-11,33735159452,242.66,8e-06
2020-07-12,32085351933,239.54,8e-06
2020-07-13,50960828747,240.47,1.2e-05
2020-07-14,44351239353,238.47,1.1e-05
2020-07-15,51587477037,233.61,1.2e-05
2020-07-16,55735259161,232.77,1.3e-05
2020-07-17,58219936374,235.85,1.4e-05
2020-07-18,50656559485,239.16,1.2e-05
2020-07-19,54609003475,236.17,1.3e-05
2020-07-20,70536742504,245.87,1.7e-05
2020-07-21,75884344678,264.18,2e-05
2020-07-22,72342074874,275.65,2e-05
2020-07-23,81533077820,279.6,2.3e-05
2020-07-24,76416250014,305.67,2.3e-05
2020-07-25,82224184318,311.47,2.6e-05
2020-07-26,72868554221,322.23,2.3e-05
2020-07-27,96651241529,317.5,3.1e-05
2020-07-28,71667637214,318.14,2.3e-05
2020-07-29,74335028131,335.3,2.5e-05
2020-07-30,71596140466,346.94,2.5e-05
2020-07-31,78904447180,387.45,3.1e-05
2020-08-01,63846952921,371.93,2.4e-05
2020-08-02,79704212228,386.25,3.1e-05
2020-08-03,69980285209,389.79,2.7e-05
2020-08-04,59805862058,400.98,2.4e-05
2020-08-05,55170121710,395.04,2.2e-05
2020-08-06,60216328698,379.57,2.3e-05
2020-08-07,75118872696,397.56,3e-05
2020-08-08,68308662136,390.28,2.7e-05
2020-08-09,77549796325,395.71,3.1e-05
2020-08-10,118330751632,378.94,4.5e-05
2020-08-11,130226317248,387.19,5e-05
2020-08-12,223687371417,424.97,9.5e-05
2020-08-13,263647078854,438.51,0.000116
2020-08-14,214593972654,432.57,9.3e-05
2020-08-15,121279985669,433.85,5.3e-05
2020-08-16,103405893872,431.26,4.5e-05
2020-08-17,115609204834,422.19,4.9e-05
2020-08-18,132626960562,407.85,5.4e-05
2020-08-19,138374481225,416.04,5.8e-05
2020-08-20,116489744937,387.98,4.5e-05
2020-08-21,161842347101,395.46,6.4e-05
2020-08-22,107429133452,390.72,4.2e-05
2020-08-23,86163918808,408.03,3.5e-05
2020-08-24,98937713405,383.34,3.8e-05
2020-08-25,110741208100,386.02,4.3e-05
2020-08-26,93103481649,382.99,3.6e-05
2020-08-27,97826615038,395.54,3.9e-05
2020-08-28,93087752585,398.95,3.7e-05
2020-08-29,102907957139,429.18,4.4e-05
2020-08-30,211899164124,434.14,9.2e-05
2020-08-31,236124357466,475.99,0.000112
2020-09-01,445944863506,439.83,0.000196
2020-09-02,480096303210,382.46,0.000184
2020-09-03,391330863477,385.91,0.000151
2020-09-04,232290794845,335.24,7.8e-05
2020-09-05,276608264542,352.69,9.8e-05
2020-09-06,129483046259,353.7,4.6e-05
2020-09-07,112638419991,337.45,3.8e-05
2020-09-08,103774996937,351.15,3.6e-05
2020-09-09,120490254791,368.09,4.4e-05
2020-09-10,179314983224,373.99,6.7e-05
2020-09-11,147230410369,388.04,5.7e-05
2020-09-12,107402741783,366.28,3.9e-05
2020-09-13,120532907374,377.26,4.5e-05
2020-09-14,199500184878,364.16,7.3e-05
2020-09-15,186693081226,365.09,6.8e-05
2020-09-16,152924068259,389.54,6e-05
2020-09-17,538006886531,384.47,0.000207
2020-09-18,318642907595,385.27,0.000123
2020-09-19,174319934634,371.02,6.5e-05
2020-09-20,132890442848,340.19,4.5e-05
2020-09-21,176908105832,344.25,6.1e-05
2020-09-22,159389045782,320.19,5.1e-05
2020-09-23,128840734977,349.18,4.5e-05
2020-09-24,109209158178,352.02,3.8e-05
2020-09-25,102666573843,354.23,3.6e-05
2020-09-26,83509486824,357.73,3e-05
2020-09-27,86032333679,354.01,3e-05
2020-09-28,121961991712,359.92,4.4e-05
2020-09-29,153890704190,359.82,5.5e-05
2020-09-30,119863366771,353.21,4.2e-05
2020-10-01,100691869694,345.83,3.5e-05
2020-10-02,93806763969,346.32,3.2e-05
2020-10-03,79724495395,352.61,2.8e-05
2020-10-04,83002261988,353.76,2.9e-05
2020-10-05,90700178586,340.85,3.1e-05
2020-10-06,109232953367,341.91,3.7e-05
2020-10-07,85972225652,351.2,3e-05
2020-10-08,87114899986,365.41,3.2e-05
2020-10-09,80387358281,370.88,3e-05
2020-10-10,64197264627,374.37,2.4e-05
2020-10-11,49653860265,386.91,1.9e-05
2020-10-12,76063541206,381.41,2.9e-05
2020-10-13,75080099063,379.11,2.8e-05
2020-10-14,75643030426,377.7,2.9e-05
2020-10-15,74178882628,365.58,2.7e-05
2020-10-16,63068023041,368.65,2.3e-05
2020-10-17,36291623945,378.44,1.4e-05
2020-10-18,40183042347,379.41,1.5e-05
2020-10-19,56873119620,368.74,2.1e-05
2020-10-20,61935567910,391.46,2.4e-05
2020-10-21,74178258309,414.5,3.1e-05
2020-10-22,63311659678,409.57,2.6e-05
2020-10-23,58483044067,412.55,2.4e-05
2020-10-24,32203857762,406.36,1.3e-05
2020-10-25,33050174347,393.11,1.3e-05
2020-10-26,55960128939,403.74,2.3e-05
2020-10-27,43438225272,388.77,1.7e-05
2020-10-28,64546938423,387.54,2.5e-05
2020-10-29,68638448298,382.76,2.6e-05
2020-10-30,63336696249,386.77,2.4e-05
2020-10-31,40821601761,396.75,1.6e-05
2020-11-01,33958389367,383.61,1.3e-05
2020-11-02,59556293025,388.18,2.3e-05
2020-11-03,44994623512,402.66,1.8e-05
2020-11-04,36929765158,416.89,1.5e-05
2020-11-05,50351219255,456.32,2.3e-05
2020-11-06,59743475915,435.82,2.6e-05
2020-11-07,55699556300,454.74,2.5e-05
2020-11-08,29270287574,444.45,1.3e-05
2020-11-09,43036804081,450.86,1.9e-05
2020-11-10,50067322104,463.91,2.3e-05
2020-11-11,52469222811,462.78,2.4e-05
2020-11-12,58433082358,476.87,2.8e-05
2020-11-13,54834222262,461.03,2.5e-05
2020-11-14,34540619732,448.51,1.5e-05
2020-11-15,34544174003,461.01,1.6e-05
2020-11-16,47985935398,482.71,2.3e-05
2020-11-17,74866465876,478.76,3.6e-05
2020-11-18,80394403719,471.82,3.8e-05
2020-11-19,46783318521,510.43,2.4e-05
2020-11-20,68357121233,552.26,3.8e-05
2020-11-21,66371016498,560.01,3.7e-05
2020-11-22,62695231579,609.13,3.8e-05
2020-11-23,76578870525,604.98,4.6e-05
2020-11-24,93649625593,569.4,5.3e-05
2020-11-25,61060602390,520.22,3.2e-05
2020-11-26,142517747433,518.83,7.4e-05
2020-11-27,45168615208,537.99,2.4e-05
2020-11-28,34986023055,576.0,2e-05
2020-11-29,30780782615,616.14,1.9e-05
2020-11-30,78983988030,586.23,4.6e-05
2020-12-01,87210450983,598.26,5.2e-05
2020-12-02,44017238565,616.55,2.7e-05
2020-12-03,47047850997,567.67,2.7e-05
2020-12-04,54133415152,596.93,3.2e-05
2020-12-05,37247774997,602.3,2.2e-05
2020-12-06,36457991314,591.36,2.2e-05
2020-12-07,50119786947,554.82,2.8e-05
2020-12-08,64453892343,573.44,3.7e-05
2020-12-09,65315353811,558.36,3.6e-05
2020-12-10,56230297216,544.14,3.1e-05
2020-12-11,63672809905,568.26,3.6e-05
2020-12-12,42794623984,590.72,2.5e-05
2020-12-13,45496784769,586.35,2.7e-05
2020-12-14,63655438361,589.17,3.8e-05
2020-12-15,84560575140,637.74,5.4e-05
2020-12-16,83601467306,643.16,5.4e-05
2020-12-17,138817534460,654.55,9.1e-05
2020-12-18,74197672209,658.7,4.9e-05
2020-12-19,70165553145,638.17,4.5e-05
2020-12-20,44525185130,607.9,2.7e-05
2020-12-21,80001622383,637.23,5.1e-05
2020-12-22,66555945514,585.25,3.9e-05
2020-12-23,108363073898,612.32,6.6e-05
2020-12-24,89685037081,626.83,5.6e-05
2020-12-25,91695148943,636.07,5.8e-05
2020-12-26,66456740443,683.98,4.5e-05
2020-12-27,98656135135,729.59,7.2e-05
2020-12-28,114189559877,731.55,8.4e-05
2020-12-29,96068312188,752.53,7.2e-05
2020-12-30,113634752762,737.15,8.4e-05
2020-12-31,99481529136,730.6,7.3e-05
2021-01-01,66560418720,774.9,5.2e-05
2021-01-02,102605721507,978.69,0.0001
2021-01-03,170448206739,1043.16,0.000178
2021-01-04,259308818014,1103.19,0.000286
2021-01-05,138143515214,1210.59,0.000167
2021-01-06,125109768991,1225.5,0.000153
2021-01-07,133169446656,1216.98,0.000162
2021-01-08,139786171813,1279.96,0.000179
2021-01-09,92563339823,1255.72,0.000116
2021-01-10,87310659101,1088.37,9.5e-05
2021-01-11,238075118250,1050.04,0.00025
2021-01-12,87031984990,1129.84,9.8e-05
2021-01-13,67945681638,1232.11,8.4e-05
2021-01-14,85478387564,1169.06,0.0001
2021-01-15,94274611075,1228.52,0.000116
2021-01-16,81160820583,1233.73,0.0001
2021-01-17,63895643119,1258.31,8e-05
2021-01-18,75294263372,1367.65,0.000103
2021-01-19,100880101955,1377.75,0.000139
2021-01-20,83504044289,1111.49,9.3e-05
2021-01-21,121058979442,1234.56,0.000149
2021-01-22,131621951860,1234.1,0.000162
2021-01-23,80179001262,1392.45,0.000112
2021-01-24,81094537437,1318.47,0.000107
2021-01-25,108165111899,1368.22,0.000148
2021-01-26,85152958296,1241.51,0.000106
2021-01-27,100000938092,1330.78,0.000133
2021-01-28,94810705889,1379.13,0.000131
2021-01-29,140718048076,1379.35,0.000194
2021-01-30,113279829168,1314.18,0.000149
2021-01-31,128793092351,1374.57,0.000177
2021-02-01,153670444525,1513.9,0.000233
2021-02-02,175725125692,1667.22,0.000293
2021-02-03,173452930944,1597.44,0.000277
2021-02-04,232624122045,1721.48,0.0004
2021-02-05,252332377959,1679.14,0.000424
2021-02-06,179640400255,1614.64,0.00029
2021-02-07,160070061791,1752.87,0.000281
2021-02-08,212876143856,1772.05,0.000377
2021-02-09,233573642120,1743.0,0.000407
2021-02-10,213088755493,1787.69,0.000381
2021-02-11,175206973615,1844.84,0.000323
2021-02-12,180073474689,1817.48,0.000327
2021-02-13,188806380037,1802.96,0.00034
2021-02-14,150406446159,1779.4,0.000268
2021-02-15,178714935402,1782.83,0.000319
2021-02-16,173040148593,1851.14,0.00032
2021-02-17,173353196892,1939.61,0.000336
2021-02-18,183087330179,1957.47,0.000358
2021-02-19,186185551001,1915.12,0.000357
2021-02-20,201536365984,1935.14,0.00039
2021-02-21,144972264178,1778.07,0.000258
2021-02-22,272678365073,1578.19,0.00043
2021-02-23,373797248353,1625.17,0.000607
2021-02-24,210130693063,1481.88,0.000311
2021-02-25,165093586374,1446.1,0.000239
2021-02-26,158443481334,1460.23,0.000231
2021-02-27,118466010557,1422.58,0.000169
2021-02-28,117851797297,1571.49,0.000185
2021-03-01,118599353229,1488.67,0.000177
2021-03-02,124935317747,1568.65,0.000196
2021-03-03,130985895074,1538.37,0.000202
2021-03-04,112789006531,1529.75,0.000173
2021-03-05,137793802658,1651.48,0.000228
2021-03-06,99200636716,1726.33,0.000171
2021-03-07,132472579830,1834.48,0.000243
2021-03-08,137159601599,1872.1,0.000257
2021-03-09,140390240389,1795.63,0.000252
2021-03-10,134143820746,1827.06,0.000245
2021-03-11,132247327143,1767.77,0.000234
2021-03-12,171780234615,1921.18,0.00033
2021-03-13,162674252399,1848.69,0.000301
2021-03-14,149068956179,1794.83,0.000268
2021-03-15,189463051239,1805.64,0.000342
2021-03-16,188700812770,1823.03,0.000344
2021-03-17,193802222899,1776.16,0.000344
2021-03-18,177580645455,1809.76,0.000321
2021-03-19,158800115050,1805.49,0.000287
2021-03-20,141122871221,1783.94,0.000252
2021-03-21,138089306566,1682.05,0.000232
2021-03-22,187501594542,1668.69,0.000313
2021-03-23,163876571793,1583.24,0.000259
2021-03-24,176580847487,1586.98,0.00028
2021-03-25,179094812700,1699.89,0.000304
2021-03-26,145286643587,1713.94,0.000249
2021-03-27,118832877161,1686.74,0.0002
2021-03-28,124092555106,1816.48,0.000225
2021-03-29,150489681921,1841.4,0.000277
2021-03-30,167319411691,1919.08,0.000321
2021-03-31,210893109900,1967.67,0.000415
2021-04-01,191869919452,2134.46,0.00041
2021-04-02,186231148818,2009.19,0.000374
2021-04-03,146063400928,2076.62,0.000303
2021-04-04,112039248727,2107.73,0.000236
2021-04-05,148795113225,2112.29,0.000314
2021-04-06,153265691515,1964.18,0.000301
2021-04-07,153647677894,2081.11,0.00032
2021-04-08,124438377904,2066.55,0.000257
2021-04-09,118854613506,2133.82,0.000254
2021-04-10,98446127075,2150.54,0.000212
2021-04-11,85229481055,2137.79,0.000182
2021-04-12,109282376325,2298.66,0.000251
2021-04-13,120270890177,2431.86,0.000292
2021-04-14,137756107863,2517.08,0.000347
2021-04-15,105013545945,2425.96,0.000255
2021-04-16,183796313660,2318.01,0.000426
2021-04-17,144966485762,2240.96,0.000325
2021-04-18,170181112745,2163.36,0.000368
2021-04-19,195797651762,2332.45,0.000457
2021-04-20,265510040331,2357.59,0.000626
2021-04-21,166325327588,2401.35,0.000399
2021-04-22,140016002618,2369.67,0.000332
2021-04-23,124223128337,2216.56,0.000275
2021-04-24,67652388873,2322.14,0.000157
2021-04-25,55417762177,2534.9,0.00014
2021-04-26,62694725054,2667.93,0.000167
2021-04-27,66938145405,2750.91,0.000184
2021-04-28,79191609660,2758.46,0.000218
2021-04-29,71836786969,2775.96,0.000199
2021-04-30,56781903115,2947.8,0.000167
2021-05-01,59677504645,2951.98,0.000176
2021-05-02,43095065217,3431.41,0.000148
2021-05-03,66900438914,3241.09,0.000217
2021-05-04,69098834782,3528.86,0.000244
2021-05-05,59385330566,3491.74,0.000207
2021-05-06,65942349676,3483.96,0.00023
2021-05-07,68346008307,3916.25,0.000268
2021-05-08,139807611958,3927.06,0.000549
2021-05-09,130671783382,3949.77,0.000516
2021-05-10,238385113212,4178.02,0.000996
2021-05-11,298765260904,3811.29,0.001139
2021-05-12,281829434837,3718.99,0.001048
2021-05-13,170566587929,4080.13,0.000696
2021-05-14,128797309542,3644.04,0.000469
2021-05-15,93121194895,3586.18,0.000334
2021-05-16,81298825948,3280.73,0.000267
2021-05-17,95485853591,3377.65,0.000323
2021-05-18,88032574764,2442.89,0.000215
2021-05-19,298784466223,2772.84,0.000828
2021-05-20,126958389431,2435.86,0.000309
2021-05-21,114601126841,2297.03,0.000263
2021-05-22,56329952594,2098.57,0.000118
2021-05-23,143673402773,2648.77,0.000381
2021-05-24,68467808560,2707.49,0.000185
2021-05-25,51922095681,2888.94,0.00015
2021-05-26,50146189154,2742.48,0.000138
2021-05-27,39437129759,2412.36,9.5e-05
2021-05-28,40891552216,2278.58,9.3e-05
2021-05-29,32976768948,2386.91,7.9e-05
2021-05-30,28081052885,2707.38,7.6e-05
2021-05-31,32279087412,2634.23,8.5e-05
2021-06-01,29750836207,2706.52,8.1e-05
2021-06-02,32350651721,2856.01,9.2e-05
2021-06-03,33572372136,2691.17,9e-05
2021-06-04,28918775826,2629.76,7.6e-05
2021-06-05,22233993451,2710.99,6e-05
2021-06-06,19356063389,2593.12,5e-05
2021-06-07,24527732392,2509.23,6.2e-05
2021-06-08,32504193436,2610.64,8.5e-05
2021-06-09,27685890070,2471.56,6.8e-05
2021-06-10,23897393010,2355.09,5.6e-05
2021-06-11,25834690110,2369.62,6.1e-05
2021-06-12,23189790716,2509.7,5.8e-05
2021-06-13,17507233384,2582.12,4.5e-05
2021-06-14,22658681944,2543.6,5.8e-05
2021-06-15,23075725137,2367.7,5.5e-05
2021-06-16,22743300318,2372.31,5.4e-05
2021-06-17,24807002704,2233.57,5.5e-05
2021-06-18,24274221643,2166.61,5.3e-05
2021-06-19,18577786601,2243.6,4.2e-05
2021-06-20,20783797940,1887.89,3.9e-05
2021-06-21,46590886180,1880.83,8.8e-05
2021-06-22,73163723292,1968.56,0.000144
2021-06-23,25285766550,1989.01,5e-05
2021-06-24,22090212482,1810.27,4e-05
2021-06-25,28010226315,1830.94,5.1e-05
2021-06-26,18761864623,1983.33,3.7e-05
2021-06-27,25645892227,2083.8,5.3e-05
2021-06-28,23714125368,2165.61,5.1e-05
2021-06-29,26266202579,2276.14,6e-05
2021-06-30,32002625993,2109.29,6.8e-05
2021-07-01,25133110011,2155.65,5.4e-05
2021-07-02,20722209911,2227.18,4.6e-05
2021-07-03,18841863418,2323.27,4.4e-05
2021-07-04,16413877925,2196.71,3.6e-05
2021-07-05,20318933757,2322.63,4.7e-05
2021-07-06,54871815247,2317.12,0.000127
2021-07-07,40369381391,2114.51,8.5e-05
2021-07-08,37478388049,2145.67,8e-05
2021-07-09,30266605013,2110.47,6.4e-05
2021-07-10,18988461455,2140.45,4.1e-05
2021-07-11,15796724325,2032.88,3.2e-05
2021-07-12,30407815045,1940.61,5.9e-05
2021-07-13,32450026038,1994.22,6.5e-05
2021-07-14,45974504881,1918.17,8.8e-05
2021-07-15,45196906108,1877.05,8.5e-05
2021-07-16,42029589044,1899.96,8e-05
2021-07-17,29976286417,1891.96,5.7e-05
2021-07-18,30497194578,1818.6,5.5e-05
2021-07-19,30440382000,1786.52,5.4e-05
2021-07-20,35422941438,1994.98,7.1e-05
2021-07-21,27173423658,2024.74,5.5e-05
2021-07-22,33177581738,2125.57,7.1e-05
2021-07-23,35451146095,2185.98,7.7e-05
2021-07-24,24896279188,2194.34,5.5e-05
2021-07-25,23442307403,2228.67,5.2e-05
2021-07-26,42016473026,2301.98,9.7e-05
2021-07-27,40656771727,2301.12,9.4e-05
2021-07-28,46698873266,2383.24,0.000111
2021-07-29,34329937499,2463.61,8.5e-05
2021-07-30,39490647512,2531.75,0.0001
2021-07-31,44287844806,2556.41,0.000113
2021-08-01,39568132114,2608.44,0.000103
2021-08-02,44396980231,2508.21,0.000111
2021-08-03,48965615995,2725.72,0.000133
2021-08-04,45772397433,2829.23,0.00013
2021-08-05,64498157332,2892.36,0.000187
2021-08-06,54095411950,3162.43,0.000171
2021-08-07,53823017552,3013.75,0.000162
2021-08-08,50740583150,3164.94,0.000161
2021-08-09,62245603314,3141.67,0.000196
2021-08-10,65215176708,3163.42,0.000206
2021-08-11,67302786720,3047.29,0.000205
2021-08-12,58916336779,3324.26,0.000196
2021-08-13,62916929886,3266.71,0.000206
2021-08-14,53617974436,3311.12,0.000178
2021-08-15,62553842764,3147.63,0.000197
2021-08-16,61227895718,3011.96,0.000184
2021-08-17,57136391227,3013.52,0.000172
2021-08-18,53671161049,3184.74,0.000171
2021-08-19,51748682012,3286.5,0.00017
2021-08-20,48398307664,3226.59,0.000156
2021-08-21,40395653415,3241.65,0.000131
2021-08-22,40824934168,3322.71,0.000136
2021-08-23,67801123728,3172.57,0.000215
2021-08-24,86798598845,3228.86,0.00028
2021-08-25,102281584369,3093.62,0.000316
2021-08-26,97977717090,3275.87,0.000321
2021-08-27,121232572405,3246.78,0.000394
2021-08-28,89483984349,3225.3,0.000289
2021-08-29,100686224824,3228.46,0.000325
2021-08-30,114338805789,3435.17,0.000393
2021-08-31,121467889345,3829.18,0.000465
2021-09-01,136212882273,3787.7,0.000516
2021-09-02,117151148070,3939.79,0.000462
2021-09-03,159341576690,3887.01,0.000619
2021-09-04,127146983966,3952.33,0.000503
2021-09-05,116327025581,3928.4,0.000457
2021-09-06,124071173970,3433.48,0.000426
2021-09-07,213999180196,3499.69,0.000749
2021-09-08,156644999311,3424.24,0.000536
2021-09-09,151691169447,3209.41,0.000487
2021-09-10,107413546013,3266.43,0.000351
2021-09-11,70547078252,3405.32,0.00024
2021-09-12,66302908949,3285.4,0.000218
2021-09-13,106664321726,3436.05,0.000367
2021-09-14,74476216590,3615.22,0.000269
2021-09-15,75053250319,3569.26,0.000268
2021-09-16,89060409614,3398.82,0.000303
2021-09-17,80831792329,3435.76,0.000278
2021-09-18,57959970897,3328.85,0.000193
2021-09-19,65198396168,2966.51,0.000193
2021-09-20,93627396666,2760.2,0.000258
2021-09-21,106504123903,3078.88,0.000328
2021-09-22,73923487712,3154.62,0.000233
2021-09-23,91230950648,2930.86,0.000267
2021-09-24,78526866487,2925.34,0.00023
2021-09-25,50962187650,3064.21,0.000156
2021-09-26,71250486571,2927.73,0.000209
2021-09-27,138455152357,2807.44,0.000389
2021-09-28,95008647483,2850.87,0.000271
2021-09-29,83688301230,3000.83,0.000251
2021-09-30,107078373237,3310.63,0.000354
2021-10-01,93359939426,3389.48,0.000316
2021-10-02,68628077449,3420.14,0.000235
2021-10-03,65821653497,3384.5,0.000223
2021-10-04,105762393776,3516.09,0.000372
2021-10-05,130495357534,3576.08,0.000467
2021-10-06,150034552460,3588.12,0.000538
2021-10-07,151975664165,3562.84,0.000541
2021-10-08,126365894925,3576.4,0.000452
2021-10-09,84647984176,3416.49,0.000289
2021-10-10,86179335901,3544.14,0.000305
2021-10-11,114272474792,3490.61,0.000399
2021-10-12,97930380585,3607.55,0.000353
2021-10-13,108522185833,3791.23,0.000411
2021-10-14,138988036863,3868.16,0.000538
2021-10-15,152666220738,3829.61,0.000585
2021-10-16,90967356392,3846.66,0.00035
2021-10-17,80516798136,3746.14,0.000302
2021-10-18,113413635116,3877.45,0.00044
2021-10-19,79599322886,4162.49,0.000331
2021-10-20,87248508777,4062.76,0.000354
2021-10-21,100283479294,3971.95,0.000398
2021-10-22,91861894977,4168.96,0.000383
2021-10-23,71610688632,4082.08,0.000292
2021-10-24,80106768615,4220.26,0.000338
2021-10-25,104406968417,4129.95,0.000431
2021-10-26,131867465257,3924.31,0.000517
2021-10-27,177194359917,4288.22,0.00076
2021-10-28,198025656236,4417.4,0.000875
2021-10-29,183858697954,4323.94,0.000795
2021-10-30,171249056720,4290.1,0.000735
2021-10-31,157063157000,4322.79,0.000679
2021-11-01,166950788377,4593.15,0.000767
2021-11-02,184006933473,4604.4,0.000847
2021-11-03,170817312612,4536.99,0.000775
2021-11-04,153495227020,4480.09,0.000688
2021-11-05,141359554777,4521.41,0.000639
2021-11-06,118059207900,4617.13,0.000545
2021-11-07,104335277598,4810.97,0.000502
2021-11-08,133382892833,4732.07,0.000631
2021-11-09,181380119178,4632.98,0.00084
2021-11-10,173899759514,4722.68,0.000821
2021-11-11,167059976680,4668.7,0.00078
2021-11-12,154765662719,4645.64,0.000719
2021-11-13,136558244852,4627.5,0.000632
2021-11-14,118460320428,4561.38,0.00054
2021-11-15,159570192767,4210.14,0.000672
